module,syllabusRef,level,text,optionA,optionB,optionC,optionD,correctAnswer,difficulty,subTopic,aiSourceRef,aiConfidence,status,reviewNote,points,sourceFile,rawJson
M17,M17.17.02,,Which part of the propeller blade meets the oncoming airflow first?,Trailing edge,Chord line,Leading edge,,C,MEDIUM,,,,DRAFT,Answer from doc-text: C) Leading edge,1,M17 - Propeller standard test.docx,"{""raw"": ""Which part of the propeller blade meets the oncoming airflow first?\nA) Trailing edge\nB) Chord line\nC) Leading edge"", ""question"": ""Which part of the propeller blade meets the oncoming airflow first?"", ""options"": [""Trailing edge"", ""Chord line"", ""Leading edge""], ""correct"": null, ""answer_text"": null, ""category"": null, ""source_file"": ""M17 - Propeller standard test.docx"", ""source_module"": ""M17"", ""fmt"": ""docx"", ""module"": ""M17"", ""syllabusRef"": ""M17.17.02"", ""level"": null, ""difficulty"": ""MEDIUM""}"
M17,M17.17.02,,What is the blade face of a propeller also known as?,Thrust face,Cambered surface,Blade back,,A,MEDIUM,,,,DRAFT,Answer from doc-text: A) Thrust face,1,M17 - Propeller standard test.docx,"{""raw"": ""What is the blade face of a propeller also known as?\nA) Thrust face\nB) Cambered surface\nC) Blade back"", ""question"": ""What is the blade face of a propeller also known as?"", ""options"": [""Thrust face"", ""Cambered surface"", ""Blade back""], ""correct"": null, ""answer_text"": null, ""category"": null, ""source_file"": ""M17 - Propeller standard test.docx"", ""source_module"": ""M17"", ""fmt"": ""docx"", ""module"": ""M17"", ""syllabusRef"": ""M17.17.02"", ""level"": null, ""difficulty"": ""MEDIUM""}"
M17,M17.17.02,,What angle should the propeller blade be set to for maximum efficiency relative to the oncoming airflow?,10º to 12º,4º to 6º,8º to 10º,,B,MEDIUM,,,,DRAFT,Answer from doc-text: B) 4º to 6º,1,M17 - Propeller standard test.docx,"{""raw"": ""What angle should the propeller blade be set to for maximum efficiency relative to the oncoming airflow?\nA) 10º to 12º\nB) 4º to 6º\nC) 8º to 10º"", ""question"": ""What angle should the propeller blade be set to for maximum efficiency relative to the oncoming airflow?"", ""options"": [""10º to 12º"", ""4º to 6º"", ""8º to 10º""], ""correct"": null, ""answer_text"": null, ""category"": null, ""source_file"": ""M17 - Propeller standard test.docx"", ""source_module"": ""M17"", ""fmt"": ""docx"", ""module"": ""M17"", ""syllabusRef"": ""M17.17.02"", ""level"": null, ""difficulty"": ""MEDIUM""}"
M17,M17.17.02,,What creates the thrust in a propeller?,High-pressure air moving from front to rear,High-pressure air moving from rear to front,Low-pressure air moving from front to rear,,A,EASY,,,,DRAFT,Answer from doc-text: A) High-pressure air moving from front to rear,1,M17 - Propeller standard test.docx,"{""raw"": ""What creates the thrust in a propeller?\nA) High-pressure air moving from front to rear\nB) High-pressure air moving from rear to front\nC) Low-pressure air moving from front to rear"", ""question"": ""What creates the thrust in a propeller?"", ""options"": [""High-pressure air moving from front to rear"", ""High-pressure air moving from rear to front"", ""Low-pressure air moving from front to rear""], ""correct"": null, ""answer_text"": null, ""category"": null, ""source_file"": ""M17 - Propeller standard test.docx"", ""source_module"": ""M17"", ""fmt"": ""docx"", ""module"": ""M17"", ""syllabusRef"": ""M17.17.02"", ""level"": null, ""difficulty"": ""EASY""}"
M17,M17.17.07,,What term describes the distance between the leading and trailing edges of a propeller blade measured along the chord line?,Root,Chord,Tip,,B,MEDIUM,,,,DRAFT,Answer from doc-text: B) Chord,1,M17 - Propeller standard test.docx,"{""raw"": ""What term describes the distance between the leading and trailing edges of a propeller blade measured along the chord line?\nA) Root\nB) Chord\nC) Tip"", ""question"": ""What term describes the distance between the leading and trailing edges of a propeller blade measured along the chord line?"", ""options"": [""Root"", ""Chord"", ""Tip""], ""correct"": null, ""answer_text"": null, ""category"": null, ""source_file"": ""M17 - Propeller standard test.docx"", ""source_module"": ""M17"", ""fmt"": ""docx"", ""module"": ""M17"", ""syllabusRef"": ""M17.17.07"", ""level"": null, ""difficulty"": ""MEDIUM""}"
M17,M17.17.02,,What happens to the airflow over the propeller blade as the engine rotates it?,It creates a lift force called thrust,It creates a drag force called thrust,It creates a lift force called drag,,A,MEDIUM,,,,DRAFT,Answer from doc-text: A) It creates a lift force called thrust,1,M17 - Propeller standard test.docx,"{""raw"": ""What happens to the airflow over the propeller blade as the engine rotates it?\nA) It creates a lift force called thrust\nB) It creates a drag force called thrust\nC) It creates a lift force called drag"", ""question"": ""What happens to the airflow over the propeller blade as the engine rotates it?"", ""options"": [""It creates a lift force called thrust"", ""It creates a drag force called thrust"", ""It creates a lift force called drag""], ""correct"": null, ""answer_text"": null, ""category"": null, ""source_file"": ""M17 - Propeller standard test.docx"", ""source_module"": ""M17"", ""fmt"": ""docx"", ""module"": ""M17"", ""syllabusRef"": ""M17.17.02"", ""level"": null, ""difficulty"": ""MEDIUM""}"
M17,M17.17.02,,What is the term for the imaginary straight line stretching from the center of the leading edge to the center of the trailing edge of a propeller blade?,Axis line,Centerline,Chord line,,C,MEDIUM,,,,DRAFT,Answer from doc-text: C) Chord line,1,M17 - Propeller standard test.docx,"{""raw"": ""What is the term for the imaginary straight line stretching from the center of the leading edge to the center of the trailing edge of a propeller blade?\nA) Axis line\nB) Centerline\nC) Chord line"", ""question"": ""What is the term for the imaginary straight line stretching from the center of the leading edge to the center of the trailing edge of a propeller blade?"", ""options"": [""Axis line"", ""Centerline"", ""Chord line""], ""correct"": null, ""answer_text"": null, ""category"": null, ""source_file"": ""M17 - Propeller standard test.docx"", ""source_module"": ""M17"", ""fmt"": ""docx"", ""module"": ""M17"", ""syllabusRef"": ""M17.17.02"", ""level"": null, ""difficulty"": ""MEDIUM""}"
M17,M17.17.02,,What part of the propeller blade is attached to the hub?,Tip,Root,Chord,,B,MEDIUM,,,,DRAFT,Answer from doc-text: B) Root,1,M17 - Propeller standard test.docx,"{""raw"": ""What part of the propeller blade is attached to the hub?\nA) Tip\nB) Root\nC) Chord"", ""question"": ""What part of the propeller blade is attached to the hub?"", ""options"": [""Tip"", ""Root"", ""Chord""], ""correct"": null, ""answer_text"": null, ""category"": null, ""source_file"": ""M17 - Propeller standard test.docx"", ""source_module"": ""M17"", ""fmt"": ""docx"", ""module"": ""M17"", ""syllabusRef"": ""M17.17.02"", ""level"": null, ""difficulty"": ""MEDIUM""}"
M17,M17.17.02,,Which component secures all the propeller blades together?,Spinner,Hub,Clamp,,B,MEDIUM,,,,DRAFT,Answer from doc-text: B) Hub,1,M17 - Propeller standard test.docx,"{""raw"": ""Which component secures all the propeller blades together?\nA) Spinner\nB) Hub\nC) Clamp"", ""question"": ""Which component secures all the propeller blades together?"", ""options"": [""Spinner"", ""Hub"", ""Clamp""], ""correct"": null, ""answer_text"": null, ""category"": null, ""source_file"": ""M17 - Propeller standard test.docx"", ""source_module"": ""M17"", ""fmt"": ""docx"", ""module"": ""M17"", ""syllabusRef"": ""M17.17.02"", ""level"": null, ""difficulty"": ""MEDIUM""}"
M17,M17.17.02,,How does the speed of the aircraft affect the relative airflow into the propeller?,It decreases the relative airflow,It has no effect on the relative airflow,It increases the relative airflow,,C,MEDIUM,,,,DRAFT,Answer from doc-text: C) It increases the relative airflow,1,M17 - Propeller standard test.docx,"{""raw"": ""How does the speed of the aircraft affect the relative airflow into the propeller?\nA) It decreases the relative airflow\nB) It has no effect on the relative airflow\nC) It increases the relative airflow"", ""question"": ""How does the speed of the aircraft affect the relative airflow into the propeller?"", ""options"": [""It decreases the relative airflow"", ""It has no effect on the relative airflow"", ""It increases the relative airflow""], ""correct"": null, ""answer_text"": null, ""category"": null, ""source_file"": ""M17 - Propeller standard test.docx"", ""source_module"": ""M17"", ""fmt"": ""docx"", ""module"": ""M17"", ""syllabusRef"": ""M17.17.02"", ""level"": null, ""difficulty"": ""MEDIUM""}"
M17,M17.17.02,,What principle does the operation of a propeller blade primarily rely on?,Newton’s first law of motion,Bernoulli’s principle,Newton’s third law of motion,,C,MEDIUM,,,,DRAFT,Answer from doc-text: C) Newton’s third law of motion,1,M17 - Propeller standard test.docx,"{""raw"": ""What principle does the operation of a propeller blade primarily rely on?\nA) Newton’s first law of motion\nB) Bernoulli’s principle\nC) Newton’s third law of motion"", ""question"": ""What principle does the operation of a propeller blade primarily rely on?"", ""options"": [""Newton’s first law of motion"", ""Bernoulli’s principle"", ""Newton’s third law of motion""], ""correct"": null, ""answer_text"": null, ""category"": null, ""source_file"": ""M17 - Propeller standard test.docx"", ""source_module"": ""M17"", ""fmt"": ""docx"", ""module"": ""M17"", ""syllabusRef"": ""M17.17.02"", ""level"": null, ""difficulty"": ""MEDIUM""}"
M17,M17.17.05,,What is the main cause of vibration if ice is allowed to build up on propeller blades?,Increased efficiency of the aerofoil,Out of balance condition,Reduced propeller weight,,B,MEDIUM,,,,DRAFT,Answer from doc-text: B) Out of balance condition,1,M17 - Propeller standard test.docx,"{""raw"": ""What is the main cause of vibration if ice is allowed to build up on propeller blades?\nA) Increased efficiency of the aerofoil\nB) Out of balance condition\nC) Reduced propeller weight"", ""question"": ""What is the main cause of vibration if ice is allowed to build up on propeller blades?"", ""options"": [""Increased efficiency of the aerofoil"", ""Out of balance condition"", ""Reduced propeller weight""], ""correct"": null, ""answer_text"": null, ""category"": null, ""source_file"": ""M17 - Propeller standard test.docx"", ""source_module"": ""M17"", ""fmt"": ""docx"", ""module"": ""M17"", ""syllabusRef"": ""M17.17.05"", ""level"": null, ""difficulty"": ""MEDIUM""}"
M17,M17.17.07,,What does the blade back of a propeller do to the airflow?,Decelerates the air and increases its pressure,Accelerates the air and reduces its pressure,Maintains constant pressure and speed,,B,MEDIUM,,,,DRAFT,Answer from doc-text: B) Accelerates the air and reduces its pressure,1,M17 - Propeller standard test.docx,"{""raw"": ""What does the blade back of a propeller do to the airflow?\nA) Decelerates the air and increases its pressure\nB) Accelerates the air and reduces its pressure\nC) Maintains constant pressure and speed"", ""question"": ""What does the blade back of a propeller do to the airflow?"", ""options"": [""Decelerates the air and increases its pressure"", ""Accelerates the air and reduces its pressure"", ""Maintains constant pressure and speed""], ""correct"": null, ""answer_text"": null, ""category"": null, ""source_file"": ""M17 - Propeller standard test.docx"", ""source_module"": ""M17"", ""fmt"": ""docx"", ""module"": ""M17"", ""syllabusRef"": ""M17.17.07"", ""level"": null, ""difficulty"": ""MEDIUM""}"
M17,M17.17.02,,What type of flow does the propeller blade produce as it moves through the air?,Circular flow,Linear flow,Helical flow,,C,MEDIUM,,,,DRAFT,Answer from doc-text: C) Helical flow,1,M17 - Propeller standard test.docx,"{""raw"": ""What type of flow does the propeller blade produce as it moves through the air?\nA) Circular flow\nB) Linear flow\nC) Helical flow\nPropeller Construction (16% = 10 questions)"", ""question"": ""What type of flow does the propeller blade produce as it moves through the air?"", ""options"": [""Circular flow"", ""Linear flow"", ""Helical flow""], ""correct"": null, ""answer_text"": null, ""category"": null, ""source_file"": ""M17 - Propeller standard test.docx"", ""source_module"": ""M17"", ""fmt"": ""docx"", ""module"": ""M17"", ""syllabusRef"": ""M17.17.02"", ""level"": null, ""difficulty"": ""MEDIUM""}"
M17,M17.17.02,,What materials are modern propeller blades often made from?,Aluminum,Carbon or glass fiber composites,Steel,,B,MEDIUM,,,,DRAFT,Answer from doc-text: B) Carbon or glass fiber composites,1,M17 - Propeller standard test.docx,"{""raw"": ""What materials are modern propeller blades often made from?\nA) Aluminum\nB) Carbon or glass fiber composites\nC) Steel"", ""question"": ""What materials are modern propeller blades often made from?"", ""options"": [""Aluminum"", ""Carbon or glass fiber composites"", ""Steel""], ""correct"": null, ""answer_text"": null, ""category"": null, ""source_file"": ""M17 - Propeller standard test.docx"", ""source_module"": ""M17"", ""fmt"": ""docx"", ""module"": ""M17"", ""syllabusRef"": ""M17.17.02"", ""level"": null, ""difficulty"": ""MEDIUM""}"
M17,M17.17.02,,What is the primary purpose of the spinner on a propeller?,To increase the propeller's weight,To aerodynamically smooth the airflow over the hub,To decrease the propeller's strength,,B,MEDIUM,,,,DRAFT,Answer from doc-text: B) To aerodynamically smooth the airflow over the hub,1,M17 - Propeller standard test.docx,"{""raw"": ""What is the primary purpose of the spinner on a propeller?\nA) To increase the propeller's weight\nB) To aerodynamically smooth the airflow over the hub\nC) To decrease the propeller's strength"", ""question"": ""What is the primary purpose of the spinner on a propeller?"", ""options"": [""To increase the propeller's weight"", ""To aerodynamically smooth the airflow over the hub"", ""To decrease the propeller's strength""], ""correct"": null, ""answer_text"": null, ""category"": null, ""source_file"": ""M17 - Propeller standard test.docx"", ""source_module"": ""M17"", ""fmt"": ""docx"", ""module"": ""M17"", ""syllabusRef"": ""M17.17.02"", ""level"": null, ""difficulty"": ""MEDIUM""}"
M17,M17.17.02,,What term is used for the curved or convex forward surface of a propeller blade?,Blade face,Blade back,Chord,,B,MEDIUM,,,,DRAFT,Answer from doc-text: B) Blade back,1,M17 - Propeller standard test.docx,"{""raw"": ""What term is used for the curved or convex forward surface of a propeller blade?\nA) Blade face\nB) Blade back\nC) Chord"", ""question"": ""What term is used for the curved or convex forward surface of a propeller blade?"", ""options"": [""Blade face"", ""Blade back"", ""Chord""], ""correct"": null, ""answer_text"": null, ""category"": null, ""source_file"": ""M17 - Propeller standard test.docx"", ""source_module"": ""M17"", ""fmt"": ""docx"", ""module"": ""M17"", ""syllabusRef"": ""M17.17.02"", ""level"": null, ""difficulty"": ""MEDIUM""}"
M17,M17.17.02,,What is the function of the propeller hub?,To provide aerodynamic shaping,To secure the propeller blades to the drive shaft,To reduce propeller noise,,B,EASY,,,,DRAFT,Answer from doc-text: B) To secure the propeller blades to the drive shaft,1,M17 - Propeller standard test.docx,"{""raw"": ""What is the function of the propeller hub?\nA) To provide aerodynamic shaping\nB) To secure the propeller blades to the drive shaft\nC) To reduce propeller noise"", ""question"": ""What is the function of the propeller hub?"", ""options"": [""To provide aerodynamic shaping"", ""To secure the propeller blades to the drive shaft"", ""To reduce propeller noise""], ""correct"": null, ""answer_text"": null, ""category"": null, ""source_file"": ""M17 - Propeller standard test.docx"", ""source_module"": ""M17"", ""fmt"": ""docx"", ""module"": ""M17"", ""syllabusRef"": ""M17.17.02"", ""level"": null, ""difficulty"": ""EASY""}"
M17,M17.17.07,,What part of the propeller blade is the innermost and attaches it to the center of the propeller?,Tip,Root,Leading edge,,B,MEDIUM,,,,DRAFT,Answer from doc-text: B) Root,1,M17 - Propeller standard test.docx,"{""raw"": ""What part of the propeller blade is the innermost and attaches it to the center of the propeller?\nA) Tip\nB) Root\nC) Leading edge"", ""question"": ""What part of the propeller blade is the innermost and attaches it to the center of the propeller?"", ""options"": [""Tip"", ""Root"", ""Leading edge""], ""correct"": null, ""answer_text"": null, ""category"": null, ""source_file"": ""M17 - Propeller standard test.docx"", ""source_module"": ""M17"", ""fmt"": ""docx"", ""module"": ""M17"", ""syllabusRef"": ""M17.17.07"", ""level"": null, ""difficulty"": ""MEDIUM""}"
M17,M17.17.02,,Which of the following best describes a scimitar tip propeller?,It is designed for maximum noise,It is a non-swept back design,It has swept back tips for high efficiency,,C,MEDIUM,,,,DRAFT,Answer from doc-text: C) It has swept back tips for high efficiency,1,M17 - Propeller standard test.docx,"{""raw"": ""Which of the following best describes a scimitar tip propeller?\nA) It is designed for maximum noise\nB) It is a non-swept back design\nC) It has swept back tips for high efficiency"", ""question"": ""Which of the following best describes a scimitar tip propeller?"", ""options"": [""It is designed for maximum noise"", ""It is a non-swept back design"", ""It has swept back tips for high efficiency""], ""correct"": null, ""answer_text"": null, ""category"": null, ""source_file"": ""M17 - Propeller standard test.docx"", ""source_module"": ""M17"", ""fmt"": ""docx"", ""module"": ""M17"", ""syllabusRef"": ""M17.17.02"", ""level"": null, ""difficulty"": ""MEDIUM""}"
M17,M17.17.02,,What causes the separation of layers in composite propeller blades?,Lamination,De-lamination,Aerodynamic stress,,B,MEDIUM,,,,DRAFT,Answer from doc-text: B) De-lamination,1,M17 - Propeller standard test.docx,"{""raw"": ""What causes the separation of layers in composite propeller blades?\nA) Lamination\nB) De-lamination\nC) Aerodynamic stress"", ""question"": ""What causes the separation of layers in composite propeller blades?"", ""options"": [""Lamination"", ""De-lamination"", ""Aerodynamic stress""], ""correct"": null, ""answer_text"": null, ""category"": null, ""source_file"": ""M17 - Propeller standard test.docx"", ""source_module"": ""M17"", ""fmt"": ""docx"", ""module"": ""M17"", ""syllabusRef"": ""M17.17.02"", ""level"": null, ""difficulty"": ""MEDIUM""}"
M17,M17.17.02,,What part of the propeller blade pushes air rearward to generate forward thrust?,Blade face,Blade back,Leading edge,,A,MEDIUM,,,,DRAFT,Answer from doc-text: A) Blade face,1,M17 - Propeller standard test.docx,"{""raw"": ""What part of the propeller blade pushes air rearward to generate forward thrust?\nA) Blade face\nB) Blade back\nC) Leading edge"", ""question"": ""What part of the propeller blade pushes air rearward to generate forward thrust?"", ""options"": [""Blade face"", ""Blade back"", ""Leading edge""], ""correct"": null, ""answer_text"": null, ""category"": null, ""source_file"": ""M17 - Propeller standard test.docx"", ""source_module"": ""M17"", ""fmt"": ""docx"", ""module"": ""M17"", ""syllabusRef"": ""M17.17.02"", ""level"": null, ""difficulty"": ""MEDIUM""}"
M17,M17.17.07,,What is one function of the chord line in a propeller blade?,It defines the distance between the hub and the tip,It helps measure the chord,It defines the straight line from leading edge to trailing edge,,C,MEDIUM,,,,DRAFT,Answer from doc-text: C) It defines the straight line from leading edge to trailing edge,1,M17 - Propeller standard test.docx,"{""raw"": ""What is one function of the chord line in a propeller blade?\nA) It defines the distance between the hub and the tip\nB) It helps measure the chord\nC) It defines the straight line from leading edge to trailing edge"", ""question"": ""What is one function of the chord line in a propeller blade?"", ""options"": [""It defines the distance between the hub and the tip"", ""It helps measure the chord"", ""It defines the straight line from leading edge to trailing edge""], ""correct"": null, ""answer_text"": null, ""category"": null, ""source_file"": ""M17 - Propeller standard test.docx"", ""source_module"": ""M17"", ""fmt"": ""docx"", ""module"": ""M17"", ""syllabusRef"": ""M17.17.07"", ""level"": null, ""difficulty"": ""MEDIUM""}"
M17,M17.17.07,,What type of damage can occur to composite propeller blades due to lightning strikes?,De-lamination,Corrosion,Melting at points of entry and exit,,C,MEDIUM,,,,DRAFT,Answer from doc-text: C) Melting at points of entry and exit,1,M17 - Propeller standard test.docx,"{""raw"": ""What type of damage can occur to composite propeller blades due to lightning strikes?\nA) De-lamination\nB) Corrosion\nC) Melting at points of entry and exit\nPropeller Pitch Control (19% = 11 questions)"", ""question"": ""What type of damage can occur to composite propeller blades due to lightning strikes?"", ""options"": [""De-lamination"", ""Corrosion"", ""Melting at points of entry and exit""], ""correct"": null, ""answer_text"": null, ""category"": null, ""source_file"": ""M17 - Propeller standard test.docx"", ""source_module"": ""M17"", ""fmt"": ""docx"", ""module"": ""M17"", ""syllabusRef"": ""M17.17.07"", ""level"": null, ""difficulty"": ""MEDIUM""}"
M17,M17.17.03,,What is the primary purpose of controlling the pitch of a propeller blade?,To adjust the engine speed,To change the thrust and efficiency,To control the aircraft's altitude,,B,MEDIUM,,,,DRAFT,Answer from doc-text: B) To change the thrust and efficiency,1,M17 - Propeller standard test.docx,"{""raw"": ""What is the primary purpose of controlling the pitch of a propeller blade?\nA) To adjust the engine speed\nB) To change the thrust and efficiency\nC) To control the aircraft's altitude"", ""question"": ""What is the primary purpose of controlling the pitch of a propeller blade?"", ""options"": [""To adjust the engine speed"", ""To change the thrust and efficiency"", ""To control the aircraft's altitude""], ""correct"": null, ""answer_text"": null, ""category"": null, ""source_file"": ""M17 - Propeller standard test.docx"", ""source_module"": ""M17"", ""fmt"": ""docx"", ""module"": ""M17"", ""syllabusRef"": ""M17.17.03"", ""level"": null, ""difficulty"": ""MEDIUM""}"
M17,M17.17.03,,How is the propeller pitch adjusted in a constant-speed propeller system?,Manually by the pilot,Automatically by a governor,By varying the propeller blade length,,B,MEDIUM,,,,DRAFT,Answer from doc-text: B) Automatically by a governor,1,M17 - Propeller standard test.docx,"{""raw"": ""How is the propeller pitch adjusted in a constant-speed propeller system?\nA) Manually by the pilot\nB) Automatically by a governor\nC) By varying the propeller blade length"", ""question"": ""How is the propeller pitch adjusted in a constant-speed propeller system?"", ""options"": [""Manually by the pilot"", ""Automatically by a governor"", ""By varying the propeller blade length""], ""correct"": null, ""answer_text"": null, ""category"": null, ""source_file"": ""M17 - Propeller standard test.docx"", ""source_module"": ""M17"", ""fmt"": ""docx"", ""module"": ""M17"", ""syllabusRef"": ""M17.17.03"", ""level"": null, ""difficulty"": ""MEDIUM""}"
M17,M17.17.03,,What happens when a propeller blade is set to a higher pitch angle?,It produces less thrust,It produces more thrust,It reduces fuel efficiency,,B,MEDIUM,,,,DRAFT,Answer from doc-text: B) It produces more thrust,1,M17 - Propeller standard test.docx,"{""raw"": ""What happens when a propeller blade is set to a higher pitch angle?\nA) It produces less thrust\nB) It produces more thrust\nC) It reduces fuel efficiency"", ""question"": ""What happens when a propeller blade is set to a higher pitch angle?"", ""options"": [""It produces less thrust"", ""It produces more thrust"", ""It reduces fuel efficiency""], ""correct"": null, ""answer_text"": null, ""category"": null, ""source_file"": ""M17 - Propeller standard test.docx"", ""source_module"": ""M17"", ""fmt"": ""docx"", ""module"": ""M17"", ""syllabusRef"": ""M17.17.03"", ""level"": null, ""difficulty"": ""MEDIUM""}"
M17,M17.17.02,,What is the effect of a feathered propeller blade?,Maximizes drag,Minimizes drag,Increases thrust,,B,MEDIUM,,,,DRAFT,Answer from doc-text: B) Minimizes drag,1,M17 - Propeller standard test.docx,"{""raw"": ""What is the effect of a feathered propeller blade?\nA) Maximizes drag\nB) Minimizes drag\nC) Increases thrust"", ""question"": ""What is the effect of a feathered propeller blade?"", ""options"": [""Maximizes drag"", ""Minimizes drag"", ""Increases thrust""], ""correct"": null, ""answer_text"": null, ""category"": null, ""source_file"": ""M17 - Propeller standard test.docx"", ""source_module"": ""M17"", ""fmt"": ""docx"", ""module"": ""M17"", ""syllabusRef"": ""M17.17.02"", ""level"": null, ""difficulty"": ""MEDIUM""}"
M17,M17.17.03,,"In a variable pitch propeller, what component adjusts the blade angle?",Propeller hub,Governor,Spinner,,B,MEDIUM,,,,DRAFT,Answer from doc-text: B) Governor,1,M17 - Propeller standard test.docx,"{""raw"": ""In a variable pitch propeller, what component adjusts the blade angle?\nA) Propeller hub\nB) Governor\nC) Spinner"", ""question"": ""In a variable pitch propeller, what component adjusts the blade angle?"", ""options"": [""Propeller hub"", ""Governor"", ""Spinner""], ""correct"": null, ""answer_text"": null, ""category"": null, ""source_file"": ""M17 - Propeller standard test.docx"", ""source_module"": ""M17"", ""fmt"": ""docx"", ""module"": ""M17"", ""syllabusRef"": ""M17.17.03"", ""level"": null, ""difficulty"": ""MEDIUM""}"
M17,M17.17.03,,What is the result of a fine pitch setting in a propeller blade?,High engine RPM and high thrust,Low engine RPM and low thrust,High engine RPM and low thrust,,A,MEDIUM,,,,DRAFT,Answer from doc-text: A) High engine RPM and high thrust,1,M17 - Propeller standard test.docx,"{""raw"": ""What is the result of a fine pitch setting in a propeller blade?\nA) High engine RPM and high thrust\nB) Low engine RPM and low thrust\nC) High engine RPM and low thrust"", ""question"": ""What is the result of a fine pitch setting in a propeller blade?"", ""options"": [""High engine RPM and high thrust"", ""Low engine RPM and low thrust"", ""High engine RPM and low thrust""], ""correct"": null, ""answer_text"": null, ""category"": null, ""source_file"": ""M17 - Propeller standard test.docx"", ""source_module"": ""M17"", ""fmt"": ""docx"", ""module"": ""M17"", ""syllabusRef"": ""M17.17.03"", ""level"": null, ""difficulty"": ""MEDIUM""}"
M17,M17.17.03,,Which propeller pitch setting is used during cruise flight for maximum efficiency?,Fine pitch,Coarse pitch,Feathered,,B,MEDIUM,,,,DRAFT,Answer from doc-text: B) Coarse pitch,1,M17 - Propeller standard test.docx,"{""raw"": ""Which propeller pitch setting is used during cruise flight for maximum efficiency?\nA) Fine pitch\nB) Coarse pitch\nC) Feathered"", ""question"": ""Which propeller pitch setting is used during cruise flight for maximum efficiency?"", ""options"": [""Fine pitch"", ""Coarse pitch"", ""Feathered""], ""correct"": null, ""answer_text"": null, ""category"": null, ""source_file"": ""M17 - Propeller standard test.docx"", ""source_module"": ""M17"", ""fmt"": ""docx"", ""module"": ""M17"", ""syllabusRef"": ""M17.17.03"", ""level"": null, ""difficulty"": ""MEDIUM""}"
M17,M17.17.03,,What mechanism is used to change the pitch of a propeller blade in flight?,Hydraulic actuators,Electrical motors,Manual control levers,,A,MEDIUM,,,,DRAFT,Answer from doc-text: A) Hydraulic actuators,1,M17 - Propeller standard test.docx,"{""raw"": ""What mechanism is used to change the pitch of a propeller blade in flight?\nA) Hydraulic actuators\nB) Electrical motors\nC) Manual control levers"", ""question"": ""What mechanism is used to change the pitch of a propeller blade in flight?"", ""options"": [""Hydraulic actuators"", ""Electrical motors"", ""Manual control levers""], ""correct"": null, ""answer_text"": null, ""category"": null, ""source_file"": ""M17 - Propeller standard test.docx"", ""source_module"": ""M17"", ""fmt"": ""docx"", ""module"": ""M17"", ""syllabusRef"": ""M17.17.03"", ""level"": null, ""difficulty"": ""MEDIUM""}"
M17,M17.17.03,,What is the term for the lowest blade angle in a controllable pitch propeller?,Fine pitch,Coarse pitch,Feathered pitch,,A,MEDIUM,,,,DRAFT,Answer from doc-text: A) Fine pitch,1,M17 - Propeller standard test.docx,"{""raw"": ""What is the term for the lowest blade angle in a controllable pitch propeller?\nA) Fine pitch\nB) Coarse pitch\nC) Feathered pitch"", ""question"": ""What is the term for the lowest blade angle in a controllable pitch propeller?"", ""options"": [""Fine pitch"", ""Coarse pitch"", ""Feathered pitch""], ""correct"": null, ""answer_text"": null, ""category"": null, ""source_file"": ""M17 - Propeller standard test.docx"", ""source_module"": ""M17"", ""fmt"": ""docx"", ""module"": ""M17"", ""syllabusRef"": ""M17.17.03"", ""level"": null, ""difficulty"": ""MEDIUM""}"
M17,M17.17.02,,What is one benefit of a constant-speed propeller?,Increased engine wear,Improved fuel efficiency,Reduced engine power,,B,MEDIUM,,,,DRAFT,Answer from doc-text: B) Improved fuel efficiency,1,M17 - Propeller standard test.docx,"{""raw"": ""What is one benefit of a constant-speed propeller?\nA) Increased engine wear\nB) Improved fuel efficiency\nC) Reduced engine power"", ""question"": ""What is one benefit of a constant-speed propeller?"", ""options"": [""Increased engine wear"", ""Improved fuel efficiency"", ""Reduced engine power""], ""correct"": null, ""answer_text"": null, ""category"": null, ""source_file"": ""M17 - Propeller standard test.docx"", ""source_module"": ""M17"", ""fmt"": ""docx"", ""module"": ""M17"", ""syllabusRef"": ""M17.17.02"", ""level"": null, ""difficulty"": ""MEDIUM""}"
M17,M17.17.03,,What happens to the propeller pitch during descent to reduce drag?,It is set to fine pitch,It is feathered,It is set to coarse pitch,,B,MEDIUM,,,,DRAFT,Answer from doc-text: B) It is feathered,1,M17 - Propeller standard test.docx,"{""raw"": ""What happens to the propeller pitch during descent to reduce drag?\nA) It is set to fine pitch\nB) It is feathered\nC) It is set to coarse pitch\nPropeller Synchronising (6% = 4 questions)"", ""question"": ""What happens to the propeller pitch during descent to reduce drag?"", ""options"": [""It is set to fine pitch"", ""It is feathered"", ""It is set to coarse pitch""], ""correct"": null, ""answer_text"": null, ""category"": null, ""source_file"": ""M17 - Propeller standard test.docx"", ""source_module"": ""M17"", ""fmt"": ""docx"", ""module"": ""M17"", ""syllabusRef"": ""M17.17.03"", ""level"": null, ""difficulty"": ""MEDIUM""}"
M17,M17.17.07,,What is the primary purpose of propeller synchronizing in multi-engine aircraft?,To increase fuel consumption,To reduce noise and vibration,To increase thrust,,B,MEDIUM,,,,DRAFT,Answer from doc-text: B) To reduce noise and vibration,1,M17 - Propeller standard test.docx,"{""raw"": ""What is the primary purpose of propeller synchronizing in multi-engine aircraft?\nA) To increase fuel consumption\nB) To reduce noise and vibration\nC) To increase thrust"", ""question"": ""What is the primary purpose of propeller synchronizing in multi-engine aircraft?"", ""options"": [""To increase fuel consumption"", ""To reduce noise and vibration"", ""To increase thrust""], ""correct"": null, ""answer_text"": null, ""category"": null, ""source_file"": ""M17 - Propeller standard test.docx"", ""source_module"": ""M17"", ""fmt"": ""docx"", ""module"": ""M17"", ""syllabusRef"": ""M17.17.07"", ""level"": null, ""difficulty"": ""MEDIUM""}"
M17,M17.17.02,,How is propeller synchronization typically achieved?,Manually by the pilot,Automatically using a synchronization system,By adjusting engine power settings,,B,MEDIUM,,,,DRAFT,Answer from doc-text: B) Automatically using a synchronization system,1,M17 - Propeller standard test.docx,"{""raw"": ""How is propeller synchronization typically achieved?\nA) Manually by the pilot\nB) Automatically using a synchronization system\nC) By adjusting engine power settings"", ""question"": ""How is propeller synchronization typically achieved?"", ""options"": [""Manually by the pilot"", ""Automatically using a synchronization system"", ""By adjusting engine power settings""], ""correct"": null, ""answer_text"": null, ""category"": null, ""source_file"": ""M17 - Propeller standard test.docx"", ""source_module"": ""M17"", ""fmt"": ""docx"", ""module"": ""M17"", ""syllabusRef"": ""M17.17.02"", ""level"": null, ""difficulty"": ""MEDIUM""}"
M17,M17.17.07,,What is the result of unsynchronized propellers on a multi-engine aircraft?,Increased efficiency,Increased noise and vibration,Decreased thrust,,B,MEDIUM,,,,DRAFT,Answer from doc-text: B) Increased noise and vibration,1,M17 - Propeller standard test.docx,"{""raw"": ""What is the result of unsynchronized propellers on a multi-engine aircraft?\nA) Increased efficiency\nB) Increased noise and vibration\nC) Decreased thrust"", ""question"": ""What is the result of unsynchronized propellers on a multi-engine aircraft?"", ""options"": [""Increased efficiency"", ""Increased noise and vibration"", ""Decreased thrust""], ""correct"": null, ""answer_text"": null, ""category"": null, ""source_file"": ""M17 - Propeller standard test.docx"", ""source_module"": ""M17"", ""fmt"": ""docx"", ""module"": ""M17"", ""syllabusRef"": ""M17.17.07"", ""level"": null, ""difficulty"": ""MEDIUM""}"
M17,M17.17.02,,What component is used to synchronize propeller speeds automatically?,Governor,Synchronizer,Feathering mechanism,,B,MEDIUM,,,,DRAFT,Answer from doc-text: B) Synchronizer,1,M17 - Propeller standard test.docx,"{""raw"": ""What component is used to synchronize propeller speeds automatically?\nA) Governor\nB) Synchronizer\nC) Feathering mechanism\nPropeller Ice Protection (9% = 6 questions)"", ""question"": ""What component is used to synchronize propeller speeds automatically?"", ""options"": [""Governor"", ""Synchronizer"", ""Feathering mechanism""], ""correct"": null, ""answer_text"": null, ""category"": null, ""source_file"": ""M17 - Propeller standard test.docx"", ""source_module"": ""M17"", ""fmt"": ""docx"", ""module"": ""M17"", ""syllabusRef"": ""M17.17.02"", ""level"": null, ""difficulty"": ""MEDIUM""}"
M17,M17.17.05,,What is the purpose of propeller ice protection systems?,To increase propeller weight,To prevent or remove ice formation on blades,To increase thrust,,B,MEDIUM,,,,DRAFT,Answer from doc-text: B) To prevent or remove ice formation on blades,1,M17 - Propeller standard test.docx,"{""raw"": ""What is the purpose of propeller ice protection systems?\nA) To increase propeller weight\nB) To prevent or remove ice formation on blades\nC) To increase thrust"", ""question"": ""What is the purpose of propeller ice protection systems?"", ""options"": [""To increase propeller weight"", ""To prevent or remove ice formation on blades"", ""To increase thrust""], ""correct"": null, ""answer_text"": null, ""category"": null, ""source_file"": ""M17 - Propeller standard test.docx"", ""source_module"": ""M17"", ""fmt"": ""docx"", ""module"": ""M17"", ""syllabusRef"": ""M17.17.05"", ""level"": null, ""difficulty"": ""MEDIUM""}"
M17,M17.17.05,,What is a common method of preventing ice formation on propeller blades?,Heating the blades electrically,Cooling the blades,Reducing blade RPM,,A,MEDIUM,,,,DRAFT,Answer from doc-text: A) Heating the blades electrically,1,M17 - Propeller standard test.docx,"{""raw"": ""What is a common method of preventing ice formation on propeller blades?\nA) Heating the blades electrically\nB) Cooling the blades\nC) Reducing blade RPM"", ""question"": ""What is a common method of preventing ice formation on propeller blades?"", ""options"": [""Heating the blades electrically"", ""Cooling the blades"", ""Reducing blade RPM""], ""correct"": null, ""answer_text"": null, ""category"": null, ""source_file"": ""M17 - Propeller standard test.docx"", ""source_module"": ""M17"", ""fmt"": ""docx"", ""module"": ""M17"", ""syllabusRef"": ""M17.17.05"", ""level"": null, ""difficulty"": ""MEDIUM""}"
M17,M17.17.05,,Which system operates continuously to prevent ice formation?,Electrical de-icing,Hot air anti-icing,Chemical anti-icing,,B,MEDIUM,,,,DRAFT,Answer from doc-text: B) Hot air anti-icing,1,M17 - Propeller standard test.docx,"{""raw"": ""Which system operates continuously to prevent ice formation?\nA) Electrical de-icing\nB) Hot air anti-icing\nC) Chemical anti-icing"", ""question"": ""Which system operates continuously to prevent ice formation?"", ""options"": [""Electrical de-icing"", ""Hot air anti-icing"", ""Chemical anti-icing""], ""correct"": null, ""answer_text"": null, ""category"": null, ""source_file"": ""M17 - Propeller standard test.docx"", ""source_module"": ""M17"", ""fmt"": ""docx"", ""module"": ""M17"", ""syllabusRef"": ""M17.17.05"", ""level"": null, ""difficulty"": ""MEDIUM""}"
M17,,,What is one disadvantage of using electrical de-icing systems on propellers?,Increased drag,Increased electrical load,Reduced efficiency,,B,MEDIUM,,,,DRAFT,Answer from doc-text: B) Increased electrical load,1,M17 - Propeller standard test.docx,"{""raw"": ""What is one disadvantage of using electrical de-icing systems on propellers?\nA) Increased drag\nB) Increased electrical load\nC) Reduced efficiency"", ""question"": ""What is one disadvantage of using electrical de-icing systems on propellers?"", ""options"": [""Increased drag"", ""Increased electrical load"", ""Reduced efficiency""], ""correct"": null, ""answer_text"": null, ""category"": null, ""source_file"": ""M17 - Propeller standard test.docx"", ""source_module"": ""M17"", ""fmt"": ""docx"", ""module"": ""M17"", ""difficulty"": ""MEDIUM""}"
M17,M17.17.05,,What is the role of chemical anti-icing systems in propeller ice protection?,To lower the freezing point of water on the blades,To heat the blades,To remove the ice mechanically,,A,MEDIUM,,,,DRAFT,Answer from doc-text: A) To lower the freezing point of water on the blades,1,M17 - Propeller standard test.docx,"{""raw"": ""What is the role of chemical anti-icing systems in propeller ice protection?\nA) To lower the freezing point of water on the blades\nB) To heat the blades\nC) To remove the ice mechanically"", ""question"": ""What is the role of chemical anti-icing systems in propeller ice protection?"", ""options"": [""To lower the freezing point of water on the blades"", ""To heat the blades"", ""To remove the ice mechanically""], ""correct"": null, ""answer_text"": null, ""category"": null, ""source_file"": ""M17 - Propeller standard test.docx"", ""source_module"": ""M17"", ""fmt"": ""docx"", ""module"": ""M17"", ""syllabusRef"": ""M17.17.05"", ""level"": null, ""difficulty"": ""MEDIUM""}"
M17,M17.17.05,,Which of the following is a typical de-icing fluid used in propeller ice protection systems?,Ethylene glycol,Propylene glycol,Methanol,,C,MEDIUM,,,,DRAFT,Answer from doc-text: C) Methanol,1,M17 - Propeller standard test.docx,"{""raw"": ""Which of the following is a typical de-icing fluid used in propeller ice protection systems?\nA) Ethylene glycol\nB) Propylene glycol\nC) Methanol"", ""question"": ""Which of the following is a typical de-icing fluid used in propeller ice protection systems?"", ""options"": [""Ethylene glycol"", ""Propylene glycol"", ""Methanol""], ""correct"": null, ""answer_text"": null, ""category"": null, ""source_file"": ""M17 - Propeller standard test.docx"", ""source_module"": ""M17"", ""fmt"": ""docx"", ""module"": ""M17"", ""syllabusRef"": ""M17.17.05"", ""level"": null, ""difficulty"": ""MEDIUM""}"
M17,M17.17.05,,What method do pneumatic de-icing boots use to remove ice from propeller blades?,Heating the blades,Inflating and deflating to break off ice,Spraying chemical de-icers,,B,MEDIUM,,,,DRAFT,Answer from doc-text: B) Inflating and deflating to break off ice,1,M17 - Propeller standard test.docx,"{""raw"": ""What method do pneumatic de-icing boots use to remove ice from propeller blades?\nA) Heating the blades\nB) Inflating and deflating to break off ice\nC) Spraying chemical de-icers"", ""question"": ""What method do pneumatic de-icing boots use to remove ice from propeller blades?"", ""options"": [""Heating the blades"", ""Inflating and deflating to break off ice"", ""Spraying chemical de-icers""], ""correct"": null, ""answer_text"": null, ""category"": null, ""source_file"": ""M17 - Propeller standard test.docx"", ""source_module"": ""M17"", ""fmt"": ""docx"", ""module"": ""M17"", ""syllabusRef"": ""M17.17.05"", ""level"": null, ""difficulty"": ""MEDIUM""}"
M17,M17.17.03,,How does propeller ice affect flight safety?,It increases fuel efficiency,It reduces thrust and increases vibration,It improves lift and control,,B,EASY,,,,DRAFT,Answer from doc-text: B) It reduces thrust and increases vibration,1,M17 - Propeller standard test.docx,"{""raw"": ""How does propeller ice affect flight safety?\nA) It increases fuel efficiency\nB) It reduces thrust and increases vibration\nC) It improves lift and control\nPropeller Maintenance (19% = 11 questions)"", ""question"": ""How does propeller ice affect flight safety?"", ""options"": [""It increases fuel efficiency"", ""It reduces thrust and increases vibration"", ""It improves lift and control""], ""correct"": null, ""answer_text"": null, ""category"": null, ""source_file"": ""M17 - Propeller standard test.docx"", ""source_module"": ""M17"", ""fmt"": ""docx"", ""module"": ""M17"", ""syllabusRef"": ""M17.17.03"", ""level"": null, ""difficulty"": ""EASY""}"
M17,M17.17.06,,What is the primary objective of routine propeller maintenance?,To increase propeller weight,To ensure safe and efficient operation,To decrease aerodynamic efficiency,,B,MEDIUM,,,,DRAFT,Answer from doc-text: B) To ensure safe and efficient operation,1,M17 - Propeller standard test.docx,"{""raw"": ""What is the primary objective of routine propeller maintenance?\nA) To increase propeller weight\nB) To ensure safe and efficient operation\nC) To decrease aerodynamic efficiency"", ""question"": ""What is the primary objective of routine propeller maintenance?"", ""options"": [""To increase propeller weight"", ""To ensure safe and efficient operation"", ""To decrease aerodynamic efficiency""], ""correct"": null, ""answer_text"": null, ""category"": null, ""source_file"": ""M17 - Propeller standard test.docx"", ""source_module"": ""M17"", ""fmt"": ""docx"", ""module"": ""M17"", ""syllabusRef"": ""M17.17.06"", ""level"": null, ""difficulty"": ""MEDIUM""}"
M17,M17.17.02,,Which tool is commonly used to check the track of a propeller blade?,Torque wrench,Dial indicator,Propeller protractor,,C,MEDIUM,,,,DRAFT,Answer from doc-text: C) Propeller protractor,1,M17 - Propeller standard test.docx,"{""raw"": ""Which tool is commonly used to check the track of a propeller blade?\nA) Torque wrench\nB) Dial indicator\nC) Propeller protractor"", ""question"": ""Which tool is commonly used to check the track of a propeller blade?"", ""options"": [""Torque wrench"", ""Dial indicator"", ""Propeller protractor""], ""correct"": null, ""answer_text"": null, ""category"": null, ""source_file"": ""M17 - Propeller standard test.docx"", ""source_module"": ""M17"", ""fmt"": ""docx"", ""module"": ""M17"", ""syllabusRef"": ""M17.17.02"", ""level"": null, ""difficulty"": ""MEDIUM""}"
M17,M17.17.02,,What type of inspection is typically performed to detect internal flaws in a propeller blade?,Visual inspection,Magnetic particle inspection,Ultrasonic inspection,,C,MEDIUM,,,,DRAFT,Answer from doc-text: C) Ultrasonic inspection,1,M17 - Propeller standard test.docx,"{""raw"": ""What type of inspection is typically performed to detect internal flaws in a propeller blade?\nA) Visual inspection\nB) Magnetic particle inspection\nC) Ultrasonic inspection"", ""question"": ""What type of inspection is typically performed to detect internal flaws in a propeller blade?"", ""options"": [""Visual inspection"", ""Magnetic particle inspection"", ""Ultrasonic inspection""], ""correct"": null, ""answer_text"": null, ""category"": null, ""source_file"": ""M17 - Propeller standard test.docx"", ""source_module"": ""M17"", ""fmt"": ""docx"", ""module"": ""M17"", ""syllabusRef"": ""M17.17.02"", ""level"": null, ""difficulty"": ""MEDIUM""}"
M17,M17.17.02,,What is the most common cause of propeller blade damage in service?,Bird strikes,Lightning strikes,Foreign object debris (FOD),,C,MEDIUM,,,,DRAFT,Answer from doc-text: C) Foreign object debris (FOD),1,M17 - Propeller standard test.docx,"{""raw"": ""What is the most common cause of propeller blade damage in service?\nA) Bird strikes\nB) Lightning strikes\nC) Foreign object debris (FOD)"", ""question"": ""What is the most common cause of propeller blade damage in service?"", ""options"": [""Bird strikes"", ""Lightning strikes"", ""Foreign object debris (FOD)""], ""correct"": null, ""answer_text"": null, ""category"": null, ""source_file"": ""M17 - Propeller standard test.docx"", ""source_module"": ""M17"", ""fmt"": ""docx"", ""module"": ""M17"", ""syllabusRef"": ""M17.17.02"", ""level"": null, ""difficulty"": ""MEDIUM""}"
M17,M17.17.03,,What action should be taken if a propeller blade is found to be out of balance?,Replace the propeller,Adjust the blade pitch,Add or remove weight to balance,,C,MEDIUM,,,,DRAFT,Answer from doc-text: C) Add or remove weight to balance,1,M17 - Propeller standard test.docx,"{""raw"": ""What action should be taken if a propeller blade is found to be out of balance?\nA) Replace the propeller\nB) Adjust the blade pitch\nC) Add or remove weight to balance"", ""question"": ""What action should be taken if a propeller blade is found to be out of balance?"", ""options"": [""Replace the propeller"", ""Adjust the blade pitch"", ""Add or remove weight to balance""], ""correct"": null, ""answer_text"": null, ""category"": null, ""source_file"": ""M17 - Propeller standard test.docx"", ""source_module"": ""M17"", ""fmt"": ""docx"", ""module"": ""M17"", ""syllabusRef"": ""M17.17.03"", ""level"": null, ""difficulty"": ""MEDIUM""}"
M17,M17.17.06,,What is the purpose of a propeller governor in maintenance checks?,To control engine power output,To regulate propeller blade angle,To ensure proper synchronization,,B,MEDIUM,,,,DRAFT,Answer from doc-text: B) To regulate propeller blade angle,1,M17 - Propeller standard test.docx,"{""raw"": ""What is the purpose of a propeller governor in maintenance checks?\nA) To control engine power output\nB) To regulate propeller blade angle\nC) To ensure proper synchronization"", ""question"": ""What is the purpose of a propeller governor in maintenance checks?"", ""options"": [""To control engine power output"", ""To regulate propeller blade angle"", ""To ensure proper synchronization""], ""correct"": null, ""answer_text"": null, ""category"": null, ""source_file"": ""M17 - Propeller standard test.docx"", ""source_module"": ""M17"", ""fmt"": ""docx"", ""module"": ""M17"", ""syllabusRef"": ""M17.17.06"", ""level"": null, ""difficulty"": ""MEDIUM""}"
M17,M17.17.06,,Which component should be inspected for corrosion during a propeller maintenance check?,Spinner,Hub,Blade tips,,B,MEDIUM,,,,DRAFT,Answer from doc-text: B) Hub,1,M17 - Propeller standard test.docx,"{""raw"": ""Which component should be inspected for corrosion during a propeller maintenance check?\nA) Spinner\nB) Hub\nC) Blade tips"", ""question"": ""Which component should be inspected for corrosion during a propeller maintenance check?"", ""options"": [""Spinner"", ""Hub"", ""Blade tips""], ""correct"": null, ""answer_text"": null, ""category"": null, ""source_file"": ""M17 - Propeller standard test.docx"", ""source_module"": ""M17"", ""fmt"": ""docx"", ""module"": ""M17"", ""syllabusRef"": ""M17.17.06"", ""level"": null, ""difficulty"": ""MEDIUM""}"
M17,M17.17.03,,What is a key indicator of excessive propeller blade wear?,Increased blade length,Decreased blade thickness,Increased blade pitch,,B,MEDIUM,,,,DRAFT,Answer from doc-text: B) Decreased blade thickness,1,M17 - Propeller standard test.docx,"{""raw"": ""What is a key indicator of excessive propeller blade wear?\nA) Increased blade length\nB) Decreased blade thickness\nC) Increased blade pitch"", ""question"": ""What is a key indicator of excessive propeller blade wear?"", ""options"": [""Increased blade length"", ""Decreased blade thickness"", ""Increased blade pitch""], ""correct"": null, ""answer_text"": null, ""category"": null, ""source_file"": ""M17 - Propeller standard test.docx"", ""source_module"": ""M17"", ""fmt"": ""docx"", ""module"": ""M17"", ""syllabusRef"": ""M17.17.03"", ""level"": null, ""difficulty"": ""MEDIUM""}"
M17,M17.17.02,,What is the consequence of operating a propeller with an undetected crack?,Reduced fuel efficiency,Potential blade failure,Improved aerodynamic performance,,B,MEDIUM,,,,DRAFT,Answer from doc-text: B) Potential blade failure,1,M17 - Propeller standard test.docx,"{""raw"": ""What is the consequence of operating a propeller with an undetected crack?\nA) Reduced fuel efficiency\nB) Potential blade failure\nC) Improved aerodynamic performance"", ""question"": ""What is the consequence of operating a propeller with an undetected crack?"", ""options"": [""Reduced fuel efficiency"", ""Potential blade failure"", ""Improved aerodynamic performance""], ""correct"": null, ""answer_text"": null, ""category"": null, ""source_file"": ""M17 - Propeller standard test.docx"", ""source_module"": ""M17"", ""fmt"": ""docx"", ""module"": ""M17"", ""syllabusRef"": ""M17.17.02"", ""level"": null, ""difficulty"": ""MEDIUM""}"
M17,M17.17.06,,How often should a propeller be dynamically balanced?,Every flight,After any maintenance or repair,Monthly,,B,MEDIUM,,,,DRAFT,Answer from doc-text: B) After any maintenance or repair,1,M17 - Propeller standard test.docx,"{""raw"": ""How often should a propeller be dynamically balanced?\nA) Every flight\nB) After any maintenance or repair\nC) Monthly"", ""question"": ""How often should a propeller be dynamically balanced?"", ""options"": [""Every flight"", ""After any maintenance or repair"", ""Monthly""], ""correct"": null, ""answer_text"": null, ""category"": null, ""source_file"": ""M17 - Propeller standard test.docx"", ""source_module"": ""M17"", ""fmt"": ""docx"", ""module"": ""M17"", ""syllabusRef"": ""M17.17.06"", ""level"": null, ""difficulty"": ""MEDIUM""}"
M17,M17.17.06,,What safety equipment is necessary when performing propeller maintenance?,Fire extinguisher,Safety goggles and gloves,Earplugs,,B,MEDIUM,,,,DRAFT,Answer from doc-text: B) Safety goggles and gloves,1,M17 - Propeller standard test.docx,"{""raw"": ""What safety equipment is necessary when performing propeller maintenance?\nA) Fire extinguisher\nB) Safety goggles and gloves\nC) Earplugs"", ""question"": ""What safety equipment is necessary when performing propeller maintenance?"", ""options"": [""Fire extinguisher"", ""Safety goggles and gloves"", ""Earplugs""], ""correct"": null, ""answer_text"": null, ""category"": null, ""source_file"": ""M17 - Propeller standard test.docx"", ""source_module"": ""M17"", ""fmt"": ""docx"", ""module"": ""M17"", ""syllabusRef"": ""M17.17.06"", ""level"": null, ""difficulty"": ""MEDIUM""}"
M17,M17.17.06,,Which document outlines the specific maintenance procedures for a particular propeller model?,Aircraft maintenance manual,Pilot’s operating handbook,Propeller manufacturer’s maintenance manual,,C,MEDIUM,,,,DRAFT,Answer from doc-text: C) Propeller manufacturer’s maintenance manual,1,M17 - Propeller standard test.docx,"{""raw"": ""Which document outlines the specific maintenance procedures for a particular propeller model?\nA) Aircraft maintenance manual\nB) Pilot’s operating handbook\nC) Propeller manufacturer’s maintenance manual\nPropeller Storage and Preservation (6% = 4 questions)"", ""question"": ""Which document outlines the specific maintenance procedures for a particular propeller model?"", ""options"": [""Aircraft maintenance manual"", ""Pilot’s operating handbook"", ""Propeller manufacturer’s maintenance manual""], ""correct"": null, ""answer_text"": null, ""category"": null, ""source_file"": ""M17 - Propeller standard test.docx"", ""source_module"": ""M17"", ""fmt"": ""docx"", ""module"": ""M17"", ""syllabusRef"": ""M17.17.06"", ""level"": null, ""difficulty"": ""MEDIUM""}"
M17,M17.17.07,,What is the primary goal of proper propeller storage and preservation?,To increase propeller weight,To prevent damage and corrosion,To reduce thrust,,B,MEDIUM,,,,DRAFT,Answer from doc-text: B) To prevent damage and corrosion,1,M17 - Propeller standard test.docx,"{""raw"": ""What is the primary goal of proper propeller storage and preservation?\nA) To increase propeller weight\nB) To prevent damage and corrosion\nC) To reduce thrust"", ""question"": ""What is the primary goal of proper propeller storage and preservation?"", ""options"": [""To increase propeller weight"", ""To prevent damage and corrosion"", ""To reduce thrust""], ""correct"": null, ""answer_text"": null, ""category"": null, ""source_file"": ""M17 - Propeller standard test.docx"", ""source_module"": ""M17"", ""fmt"": ""docx"", ""module"": ""M17"", ""syllabusRef"": ""M17.17.07"", ""level"": null, ""difficulty"": ""MEDIUM""}"
M17,,,Which of the following is a recommended practice for storing propellers long-term?,Storing in a vertical position,Covering with a protective coating,Storing in an uncovered area,,B,MEDIUM,,,,DRAFT,Answer from doc-text: B) Covering with a protective coating,1,M17 - Propeller standard test.docx,"{""raw"": ""Which of the following is a recommended practice for storing propellers long-term?\nA) Storing in a vertical position\nB) Covering with a protective coating\nC) Storing in an uncovered area"", ""question"": ""Which of the following is a recommended practice for storing propellers long-term?"", ""options"": [""Storing in a vertical position"", ""Covering with a protective coating"", ""Storing in an uncovered area""], ""correct"": null, ""answer_text"": null, ""category"": null, ""source_file"": ""M17 - Propeller standard test.docx"", ""source_module"": ""M17"", ""fmt"": ""docx"", ""module"": ""M17"", ""difficulty"": ""MEDIUM""}"
M17,M17.17.07,,What should be done to a propeller before placing it in long-term storage?,Clean and lubricate,Disassemble completely,Apply electrical de-icing,,A,MEDIUM,,,,DRAFT,Answer from doc-text: A) Clean and lubricate,1,M17 - Propeller standard test.docx,"{""raw"": ""What should be done to a propeller before placing it in long-term storage?\nA) Clean and lubricate\nB) Disassemble completely\nC) Apply electrical de-icing"", ""question"": ""What should be done to a propeller before placing it in long-term storage?"", ""options"": [""Clean and lubricate"", ""Disassemble completely"", ""Apply electrical de-icing""], ""correct"": null, ""answer_text"": null, ""category"": null, ""source_file"": ""M17 - Propeller standard test.docx"", ""source_module"": ""M17"", ""fmt"": ""docx"", ""module"": ""M17"", ""syllabusRef"": ""M17.17.07"", ""level"": null, ""difficulty"": ""MEDIUM""}"
M17,M17.17.03,,Which condition can adversely affect a stored propeller if not properly controlled?,High altitude,Humidity,Propeller pitch,,B,MEDIUM,,,,DRAFT,Answer from doc-text: B) Humidity,1,M17 - Propeller standard test.docx,"{""raw"": ""Which condition can adversely affect a stored propeller if not properly controlled?\nA) High altitude\nB) Humidity\nC) Propeller pitch\nCorrect Answers\nB) To produce thrust\nC) Leading edge\nA) Thrust face\n B) 4º to 6º\nA) High-pressure air moving from front to rear\nB) Chord\nA) It creates a lift force called thrust\nC) Chord line\nB) Root\nB) Hub\nC) It increases the relative airflow\nC) Newton’s third law of motion\nB) Out of balance condition\nB) Accelerates the air and reduces its pressure\nC) Helical flow\nB) Carbon or glass fiber composites\nB) To aerodynamically smooth the airflow over the hub\nB) Blade back\nB) To secure the propeller blades to the drive shaft\nB) Root\nC) It has swept back tips for high efficiency\nB) De-lamination\nA) Blade face\nC) It defines the straight line from leading edge to trailing edge\nC) Melting at points of entry and exit\nB) To change the thrust and efficiency\nB) Automatically by a governor\nB) It produces more thrust\nB) Minimizes drag\nB) Governor\nA) High engine RPM and high thrust\nB) Coarse pitch\nA) Hydraulic actuators\nA) Fine pitch\nB) Improved fuel efficiency\nB) It is feathered\nB) To reduce noise and vibration\nB) Automatically using a synchronization system\nB) Increased noise and vibration\nB) Synchronizer\nB) To prevent or remove ice formation on blades\nA) Heating the blades electrically\nB) Hot air anti-icing\nB) Increased electrical load\nA) To lower the freezing point of water on the blades\nC) Methanol\nB) Inflating and deflating to break off ice\nB) It reduces thrust and increases vibration\nB) To ensure safe and efficient operation\nC) Propeller protractor\nC) Ultrasonic inspection\nC) Foreign object debris (FOD)\nC) Add or remove weight to balance\nB) To regulate propeller blade angle\nB) Hub\nB) Decreased blade thickness\nB) Potential blade failure\nB) After any maintenance or repair\nB) Safety goggles and gloves\nC) Propeller manufacturer’s maintenance manual\nB) To prevent damage and corrosion\nB) Covering with a protective coating\nA) Clean and lubricate\nB) Humidity"", ""question"": ""Which condition can adversely affect a stored propeller if not properly controlled?"", ""options"": [""High altitude"", ""Humidity"", ""Propeller pitch""], ""correct"": null, ""answer_text"": null, ""category"": null, ""source_file"": ""M17 - Propeller standard test.docx"", ""source_module"": ""M17"", ""fmt"": ""docx"", ""module"": ""M17"", ""syllabusRef"": ""M17.17.03"", ""level"": null, ""difficulty"": ""MEDIUM""}"
