module,syllabusRef,level,text,optionA,optionB,optionC,optionD,correctAnswer,difficulty,subTopic,aiSourceRef,aiConfidence,status,reviewNote,points,sourceFile,rawJson,isEssay
M7,M7.07.01,,What must employers ensure is available at all times?,Updated employee schedules,Material Safety Data Sheets,Equipment maintenance logs,,Material Safety Data Sheets,MEDIUM,,,,APPROVED,,1,mcqs m7.docx,"{""raw"": ""What must employers ensure is available at all times?"", ""question"": ""What must employers ensure is available at all times?"", ""options"": [""Updated employee schedules"", ""Material Safety Data Sheets"", ""Equipment maintenance logs""], ""correct"": ""Material Safety Data Sheets"", ""answer_text"": null, ""category"": null, ""source_file"": ""mcqs m7.docx"", ""source_module"": ""M7"", ""fmt"": ""csv"", ""module"": ""M7"", ""syllabusRef"": ""M7.07.01"", ""level"": """", ""difficulty"": ""MEDIUM"", ""subTopic"": """", ""isEssay"": false}",False
M7,M7.07.01,,What is the purpose of Material Safety Data Sheets (MSDS)?,To describe company policies,To provide information on hazardous materials,To list employee responsibilities,,To provide information on hazardous materials,MEDIUM,,,,APPROVED,,1,mcqs m7.docx,"{""raw"": ""What is the purpose of Material Safety Data Sheets (MSDS)?"", ""question"": ""What is the purpose of Material Safety Data Sheets (MSDS)?"", ""options"": [""To describe company policies"", ""To provide information on hazardous materials"", ""To list employee responsibilities""], ""correct"": ""To provide information on hazardous materials"", ""answer_text"": null, ""category"": null, ""source_file"": ""mcqs m7.docx"", ""source_module"": ""M7"", ""fmt"": ""csv"", ""module"": ""M7"", ""syllabusRef"": ""M7.07.01"", ""level"": """", ""difficulty"": ""MEDIUM"", ""subTopic"": """", ""isEssay"": false}",False
M7,M7.07.03,,What type of cutting tools presents a greater threat of injury?,Sharp tools,Dull cutting tools,Electric tools,,Dull cutting tools,MEDIUM,,,,APPROVED,,1,mcqs m7.docx,"{""raw"": ""What type of cutting tools presents a greater threat of injury?"", ""question"": ""What type of cutting tools presents a greater threat of injury?"", ""options"": [""Sharp tools"", ""Dull cutting tools"", ""Electric tools""], ""correct"": ""Dull cutting tools"", ""answer_text"": null, ""category"": null, ""source_file"": ""mcqs m7.docx"", ""source_module"": ""M7"", ""fmt"": ""csv"", ""module"": ""M7"", ""syllabusRef"": ""M7.07.03"", ""level"": """", ""difficulty"": ""MEDIUM"", ""subTopic"": """", ""isEssay"": false}",False
M7,M7.07.03,,Why can dull tools be more dangerous?,They are harder to grip,They require excessive force to operate,They are usually heavier,,They require excessive force to operate,EASY,,,,APPROVED,,1,mcqs m7.docx,"{""raw"": ""Why can dull tools be more dangerous?"", ""question"": ""Why can dull tools be more dangerous?"", ""options"": [""They are harder to grip"", ""They require excessive force to operate"", ""They are usually heavier""], ""correct"": ""They require excessive force to operate"", ""answer_text"": null, ""category"": null, ""source_file"": ""mcqs m7.docx"", ""source_module"": ""M7"", ""fmt"": ""csv"", ""module"": ""M7"", ""syllabusRef"": ""M7.07.03"", ""level"": """", ""difficulty"": ""EASY"", ""subTopic"": """", ""isEssay"": false}",False
M7,M7.0.3,,What should be ensured before using cutting tools?,That the tools are dull,That the tools are sharp and serviceable,That the tools are made of plastic,,That the tools are sharp and serviceable,MEDIUM,,,,APPROVED,,1,mcqs m7.docx,"{""raw"": ""What should be ensured before using cutting tools?"", ""question"": ""What should be ensured before using cutting tools?"", ""options"": [""That the tools are dull"", ""That the tools are sharp and serviceable"", ""That the tools are made of plastic""], ""correct"": ""That the tools are sharp and serviceable"", ""answer_text"": null, ""category"": null, ""source_file"": ""mcqs m7.docx"", ""source_module"": ""M7"", ""fmt"": ""csv"", ""module"": ""M7"", ""syllabusRef"": ""M7.0.3"", ""level"": """", ""difficulty"": ""MEDIUM"", ""subTopic"": """", ""isEssay"": false}",False
M7,M7.0.3,,"According to OSHA, what is the maximum permissible noise level for continuous exposure over 8 hours?",70 dB,80 dB,85 dB,,80 dB,MEDIUM,,,,APPROVED,,1,mcqs m7.docx,"{""raw"": ""According to OSHA, what is the maximum permissible noise level for continuous exposure over 8 hours?"", ""question"": ""According to OSHA, what is the maximum permissible noise level for continuous exposure over 8 hours?"", ""options"": [""70 dB"", ""80 dB"", ""85 dB""], ""correct"": ""80 dB"", ""answer_text"": null, ""category"": null, ""source_file"": ""mcqs m7.docx"", ""source_module"": ""M7"", ""fmt"": ""csv"", ""module"": ""M7"", ""syllabusRef"": ""M7.0.3"", ""level"": """", ""difficulty"": ""MEDIUM"", ""subTopic"": """", ""isEssay"": false}",False
M7,,,When is ear protection mandatory?,Above 80 dB,Above 90 dB,At all times,,Above 90 dB,EASY,,,,APPROVED,,1,mcqs m7.docx,"{""raw"": ""When is ear protection mandatory?"", ""question"": ""When is ear protection mandatory?"", ""options"": [""Above 80 dB"", ""Above 90 dB"", ""At all times""], ""correct"": ""Above 90 dB"", ""answer_text"": null, ""category"": null, ""source_file"": ""mcqs m7.docx"", ""source_module"": ""M7"", ""fmt"": ""csv"", ""module"": ""M7"", ""syllabusRef"": """", ""level"": """", ""difficulty"": ""EASY"", ""subTopic"": """", ""isEssay"": false}",False
M7,,,What is optional when noise levels are less than 80 dB?,Taking breaks,Using ear protection,Performing maintenance,,Using ear protection,MEDIUM,,,,APPROVED,,1,mcqs m7.docx,"{""raw"": ""What is optional when noise levels are less than 80 dB?"", ""question"": ""What is optional when noise levels are less than 80 dB?"", ""options"": [""Taking breaks"", ""Using ear protection"", ""Performing maintenance""], ""correct"": ""Using ear protection"", ""answer_text"": null, ""category"": null, ""source_file"": ""mcqs m7.docx"", ""source_module"": ""M7"", ""fmt"": ""csv"", ""module"": ""M7"", ""syllabusRef"": """", ""level"": """", ""difficulty"": ""MEDIUM"", ""subTopic"": """", ""isEssay"": false}",False
M7,M7.0.3,,What dB range do the wax-impregnated polyurethane earplugs provide protection?,20 to 25 dB,30 to 35 dB,40 to 50 dB,,30 to 35 dB,MEDIUM,,,,APPROVED,,1,mcqs m7.docx,"{""raw"": ""What dB range do the wax-impregnated polyurethane earplugs provide protection?"", ""question"": ""What dB range do the wax-impregnated polyurethane earplugs provide protection?"", ""options"": [""20 to 25 dB"", ""30 to 35 dB"", ""40 to 50 dB""], ""correct"": ""30 to 35 dB"", ""answer_text"": null, ""category"": null, ""source_file"": ""mcqs m7.docx"", ""source_module"": ""M7"", ""fmt"": ""csv"", ""module"": ""M7"", ""syllabusRef"": ""M7.0.3"", ""level"": """", ""difficulty"": ""MEDIUM"", ""subTopic"": """", ""isEssay"": false}",False
M7,,,What does active noise reduction cancel out?,High-frequency noises,Low-frequency noise,Voice levels,,Low-frequency noise,EASY,,,,APPROVED,,1,mcqs m7.docx,"{""raw"": ""What does active noise reduction cancel out?"", ""question"": ""What does active noise reduction cancel out?"", ""options"": [""High-frequency noises"", ""Low-frequency noise"", ""Voice levels""], ""correct"": ""Low-frequency noise"", ""answer_text"": null, ""category"": null, ""source_file"": ""mcqs m7.docx"", ""source_module"": ""M7"", ""fmt"": ""csv"", ""module"": ""M7"", ""syllabusRef"": """", ""level"": """", ""difficulty"": ""EASY"", ""subTopic"": """", ""isEssay"": false}",False
M7,M7.0.7,,When are earplugs combined with earmuffs recommended?,Above 95 dB,Above 115 dB,Above 80 dB,,Above 115 dB,MEDIUM,,,,APPROVED,,1,mcqs m7.docx,"{""raw"": ""When are earplugs combined with earmuffs recommended?"", ""question"": ""When are earplugs combined with earmuffs recommended?"", ""options"": [""Above 95 dB"", ""Above 115 dB"", ""Above 80 dB""], ""correct"": ""Above 115 dB"", ""answer_text"": null, ""category"": null, ""source_file"": ""mcqs m7.docx"", ""source_module"": ""M7"", ""fmt"": ""csv"", ""module"": ""M7"", ""syllabusRef"": ""M7.0.7"", ""level"": """", ""difficulty"": ""MEDIUM"", ""subTopic"": """", ""isEssay"": false}",False
M7,M7.0.3,,What are the three distinctive variables of sound?,"Frequency, intensity, and rhythm","Frequency, intensity, and duration","Frequency, pitch, and speed",,"Frequency, intensity, and duration",MEDIUM,,,,APPROVED,,1,mcqs m7.docx,"{""raw"": ""What are the three distinctive variables of sound?"", ""question"": ""What are the three distinctive variables of sound?"", ""options"": [""Frequency, intensity, and rhythm"", ""Frequency, intensity, and duration"", ""Frequency, pitch, and speed""], ""correct"": ""Frequency, intensity, and duration"", ""answer_text"": null, ""category"": null, ""source_file"": ""mcqs m7.docx"", ""source_module"": ""M7"", ""fmt"": ""csv"", ""module"": ""M7"", ""syllabusRef"": ""M7.0.3"", ""level"": """", ""difficulty"": ""MEDIUM"", ""subTopic"": """", ""isEssay"": false}",False
M7,,,Between what Hz range does normal conversation typically occur?,200 to 800 Hz,"500 to 3,000 Hz","1,000 to 4,000 Hz",,"500 to 3,000 Hz",MEDIUM,,,,APPROVED,,1,mcqs m7.docx,"{""raw"": ""Between what Hz range does normal conversation typically occur?"", ""question"": ""Between what Hz range does normal conversation typically occur?"", ""options"": [""200 to 800 Hz"", ""500 to 3,000 Hz"", ""1,000 to 4,000 Hz""], ""correct"": ""500 to 3,000 Hz"", ""answer_text"": null, ""category"": null, ""source_file"": ""mcqs m7.docx"", ""source_module"": ""M7"", ""fmt"": ""csv"", ""module"": ""M7"", ""syllabusRef"": """", ""level"": """", ""difficulty"": ""MEDIUM"", ""subTopic"": """", ""isEssay"": false}",False
M7,,,What can daily exposure to noise levels higher than 80 dB cause?,Improved hearing,Hearing impairment,Temporary hearing loss,,Hearing impairment,MEDIUM,,,,APPROVED,,1,mcqs m7.docx,"{""raw"": ""What can daily exposure to noise levels higher than 80 dB cause?"", ""question"": ""What can daily exposure to noise levels higher than 80 dB cause?"", ""options"": [""Improved hearing"", ""Hearing impairment"", ""Temporary hearing loss""], ""correct"": ""Hearing impairment"", ""answer_text"": null, ""category"": null, ""source_file"": ""mcqs m7.docx"", ""source_module"": ""M7"", ""fmt"": ""csv"", ""module"": ""M7"", ""syllabusRef"": """", ""level"": """", ""difficulty"": ""MEDIUM"", ""subTopic"": """", ""isEssay"": false}",False
M7,M7.07.01,,What three components make up the 'Fire Triangle'?,"Oxygen, water, heat","Fuel, oxygen, heat","Fuel, air, pressure",,"Fuel, oxygen, heat",MEDIUM,,,,APPROVED,,1,mcqs m7.docx,"{""raw"": ""What three components make up the 'Fire Triangle'?"", ""question"": ""What three components make up the 'Fire Triangle'?"", ""options"": [""Oxygen, water, heat"", ""Fuel, oxygen, heat"", ""Fuel, air, pressure""], ""correct"": ""Fuel, oxygen, heat"", ""answer_text"": null, ""category"": null, ""source_file"": ""mcqs m7.docx"", ""source_module"": ""M7"", ""fmt"": ""csv"", ""module"": ""M7"", ""syllabusRef"": ""M7.07.01"", ""level"": """", ""difficulty"": ""MEDIUM"", ""subTopic"": """", ""isEssay"": false}",False
M7,M7.07.01,,What type of material can be considered fuel in the fire triangle?,Non-combustible materials,"Any solid, liquid, or gas",Only liquids,,"Any solid, liquid, or gas",MEDIUM,,,,APPROVED,,1,mcqs m7.docx,"{""raw"": ""What type of material can be considered fuel in the fire triangle?"", ""question"": ""What type of material can be considered fuel in the fire triangle?"", ""options"": [""Non-combustible materials"", ""Any solid, liquid, or gas"", ""Only liquids""], ""correct"": ""Any solid, liquid, or gas"", ""answer_text"": null, ""category"": null, ""source_file"": ""mcqs m7.docx"", ""source_module"": ""M7"", ""fmt"": ""csv"", ""module"": ""M7"", ""syllabusRef"": ""M7.07.01"", ""level"": """", ""difficulty"": ""MEDIUM"", ""subTopic"": """", ""isEssay"": false}",False
M7,M7.7.00,,What does heat refer to in the context of fire?,The absence of fuel,Any temperature above room temperature,Sufficient intensity to ignite fuel,,Sufficient intensity to ignite fuel,EASY,,,,APPROVED,,1,mcqs m7.docx,"{""raw"": ""What does heat refer to in the context of fire?"", ""question"": ""What does heat refer to in the context of fire?"", ""options"": [""The absence of fuel"", ""Any temperature above room temperature"", ""Sufficient intensity to ignite fuel""], ""correct"": ""Sufficient intensity to ignite fuel"", ""answer_text"": null, ""category"": null, ""source_file"": ""mcqs m7.docx"", ""source_module"": ""M7"", ""fmt"": ""csv"", ""module"": ""M7"", ""syllabusRef"": ""M7.7.00"", ""level"": """", ""difficulty"": ""EASY"", ""subTopic"": """", ""isEssay"": false}",False
M7,M7.07.01,,Which class of fire involves solid combustible materials like wood?,Class B,Class C,Class A,,Class A,MEDIUM,,,,APPROVED,,1,mcqs m7.docx,"{""raw"": ""Which class of fire involves solid combustible materials like wood?"", ""question"": ""Which class of fire involves solid combustible materials like wood?"", ""options"": [""Class B"", ""Class C"", ""Class A""], ""correct"": ""Class A"", ""answer_text"": null, ""category"": null, ""source_file"": ""mcqs m7.docx"", ""source_module"": ""M7"", ""fmt"": ""csv"", ""module"": ""M7"", ""syllabusRef"": ""M7.07.01"", ""level"": """", ""difficulty"": ""MEDIUM"", ""subTopic"": """", ""isEssay"": false}",False
M7,M7.07.01,,What class of fire includes flammable gases like propane?,Class A,Class B,Class C,,Class C,MEDIUM,,,,APPROVED,,1,mcqs m7.docx,"{""raw"": ""What class of fire includes flammable gases like propane?"", ""question"": ""What class of fire includes flammable gases like propane?"", ""options"": [""Class A"", ""Class B"", ""Class C""], ""correct"": ""Class C"", ""answer_text"": null, ""category"": null, ""source_file"": ""mcqs m7.docx"", ""source_module"": ""M7"", ""fmt"": ""csv"", ""module"": ""M7"", ""syllabusRef"": ""M7.07.01"", ""level"": """", ""difficulty"": ""MEDIUM"", ""subTopic"": """", ""isEssay"": false}",False
M7,M7.07.01,,What class of fire involves electrical equipment?,Class A,Class D,Class E,,Class E,EASY,,,,APPROVED,,1,mcqs m7.docx,"{""raw"": ""What class of fire involves electrical equipment?"", ""question"": ""What class of fire involves electrical equipment?"", ""options"": [""Class A"", ""Class D"", ""Class E""], ""correct"": ""Class E"", ""answer_text"": null, ""category"": null, ""source_file"": ""mcqs m7.docx"", ""source_module"": ""M7"", ""fmt"": ""csv"", ""module"": ""M7"", ""syllabusRef"": ""M7.07.01"", ""level"": """", ""difficulty"": ""EASY"", ""subTopic"": """", ""isEssay"": false}",False
M7,M7.0.3,,Which method of extinguishing fires does NOT involve water?,Cooling the fuel,Excluding the oxygen,Pouring water,,Excluding the oxygen,MEDIUM,,,,APPROVED,,1,mcqs m7.docx,"{""raw"": ""Which method of extinguishing fires does NOT involve water?"", ""question"": ""Which method of extinguishing fires does NOT involve water?"", ""options"": [""Cooling the fuel"", ""Excluding the oxygen"", ""Pouring water""], ""correct"": ""Excluding the oxygen"", ""answer_text"": null, ""category"": null, ""source_file"": ""mcqs m7.docx"", ""source_module"": ""M7"", ""fmt"": ""csv"", ""module"": ""M7"", ""syllabusRef"": ""M7.0.3"", ""level"": """", ""difficulty"": ""MEDIUM"", ""subTopic"": """", ""isEssay"": false}",False
M7,,,Which extinguishing agent is suitable for Class B fires?,Water,Aqueous Film-Forming Foam (AFFF),Sand,,Aqueous Film-Forming Foam (AFFF),MEDIUM,,,,APPROVED,,1,mcqs m7.docx,"{""raw"": ""Which extinguishing agent is suitable for Class B fires?"", ""question"": ""Which extinguishing agent is suitable for Class B fires?"", ""options"": [""Water"", ""Aqueous Film-Forming Foam (AFFF)"", ""Sand""], ""correct"": ""Aqueous Film-Forming Foam (AFFF)"", ""answer_text"": null, ""category"": null, ""source_file"": ""mcqs m7.docx"", ""source_module"": ""M7"", ""fmt"": ""csv"", ""module"": ""M7"", ""syllabusRef"": """", ""level"": """", ""difficulty"": ""MEDIUM"", ""subTopic"": """", ""isEssay"": false}",False
M7,M7.07.01,,What is considered when selecting extinguishants?,Only price,The type of class of fire,Aesthetic preferences,,The type of class of fire,EASY,,,,APPROVED,,1,mcqs m7.docx,"{""raw"": ""What is considered when selecting extinguishants?"", ""question"": ""What is considered when selecting extinguishants?"", ""options"": [""Only price"", ""The type of class of fire"", ""Aesthetic preferences""], ""correct"": ""The type of class of fire"", ""answer_text"": null, ""category"": null, ""source_file"": ""mcqs m7.docx"", ""source_module"": ""M7"", ""fmt"": ""csv"", ""module"": ""M7"", ""syllabusRef"": ""M7.07.01"", ""level"": """", ""difficulty"": ""EASY"", ""subTopic"": """", ""isEssay"": false}",False
M7,M7.07.01,,Water extinguishers should be used on which class of fire?,Class B,Class C,Class A,,Class A,MEDIUM,,,,APPROVED,,1,mcqs m7.docx,"{""raw"": ""Water extinguishers should be used on which class of fire?"", ""question"": ""Water extinguishers should be used on which class of fire?"", ""options"": [""Class B"", ""Class C"", ""Class A""], ""correct"": ""Class A"", ""answer_text"": null, ""category"": null, ""source_file"": ""mcqs m7.docx"", ""source_module"": ""M7"", ""fmt"": ""csv"", ""module"": ""M7"", ""syllabusRef"": ""M7.07.01"", ""level"": """", ""difficulty"": ""MEDIUM"", ""subTopic"": """", ""isEssay"": false}",False
M7,M7.07.01,,What can happen if water is used on Class B or C fires?,It will extinguish the fire,It could spread the fire,It will cool the surrounding area,,It could spread the fire,MEDIUM,,,,APPROVED,,1,mcqs m7.docx,"{""raw"": ""What can happen if water is used on Class B or C fires?"", ""question"": ""What can happen if water is used on Class B or C fires?"", ""options"": [""It will extinguish the fire"", ""It could spread the fire"", ""It will cool the surrounding area""], ""correct"": ""It could spread the fire"", ""answer_text"": null, ""category"": null, ""source_file"": ""mcqs m7.docx"", ""source_module"": ""M7"", ""fmt"": ""csv"", ""module"": ""M7"", ""syllabusRef"": ""M7.07.01"", ""level"": """", ""difficulty"": ""MEDIUM"", ""subTopic"": """", ""isEssay"": false}",False
M7,M7.07.01,,Why should water not be used on Class D fires?,It has no effect,It will make the fire burn more fiercely,It is too heavy,,It will make the fire burn more fiercely,EASY,,,,APPROVED,,1,mcqs m7.docx,"{""raw"": ""Why should water not be used on Class D fires?"", ""question"": ""Why should water not be used on Class D fires?"", ""options"": [""It has no effect"", ""It will make the fire burn more fiercely"", ""It is too heavy""], ""correct"": ""It will make the fire burn more fiercely"", ""answer_text"": null, ""category"": null, ""source_file"": ""mcqs m7.docx"", ""source_module"": ""M7"", ""fmt"": ""csv"", ""module"": ""M7"", ""syllabusRef"": ""M7.07.01"", ""level"": """", ""difficulty"": ""EASY"", ""subTopic"": """", ""isEssay"": false}",False
M7,,,What is AFFF best suited for?,Class A fires,Class B fires,Class E fires,,Class B fires,EASY,,,,APPROVED,,1,mcqs m7.docx,"{""raw"": ""What is AFFF best suited for?"", ""question"": ""What is AFFF best suited for?"", ""options"": [""Class A fires"", ""Class B fires"", ""Class E fires""], ""correct"": ""Class B fires"", ""answer_text"": null, ""category"": null, ""source_file"": ""mcqs m7.docx"", ""source_module"": ""M7"", ""fmt"": ""csv"", ""module"": ""M7"", ""syllabusRef"": """", ""level"": """", ""difficulty"": ""EASY"", ""subTopic"": """", ""isEssay"": false}",False
M7,,,Why is AFFF considered unsafe for electrical fires?,It causes short circuits,It can conduct electricity,It evaporates quickly,,It can conduct electricity,MEDIUM,,,,APPROVED,,1,mcqs m7.docx,"{""raw"": ""Why is AFFF considered unsafe for electrical fires?"", ""question"": ""Why is AFFF considered unsafe for electrical fires?"", ""options"": [""It causes short circuits"", ""It can conduct electricity"", ""It evaporates quickly""], ""correct"": ""It can conduct electricity"", ""answer_text"": null, ""category"": null, ""source_file"": ""mcqs m7.docx"", ""source_module"": ""M7"", ""fmt"": ""csv"", ""module"": ""M7"", ""syllabusRef"": """", ""level"": """", ""difficulty"": ""MEDIUM"", ""subTopic"": """", ""isEssay"": false}",False
M7,,,Which characteristic about AFFF is true?,It is less effective on Class A fires,It is more suitable for liquid fires,It contains no water at all,,It is less effective on Class A fires,EASY,,,,APPROVED,,1,mcqs m7.docx,"{""raw"": ""Which characteristic about AFFF is true?"", ""question"": ""Which characteristic about AFFF is true?"", ""options"": [""It is less effective on Class A fires"", ""It is more suitable for liquid fires"", ""It contains no water at all""], ""correct"": ""It is less effective on Class A fires"", ""answer_text"": null, ""category"": null, ""source_file"": ""mcqs m7.docx"", ""source_module"": ""M7"", ""fmt"": ""csv"", ""module"": ""M7"", ""syllabusRef"": """", ""level"": """", ""difficulty"": ""EASY"", ""subTopic"": """", ""isEssay"": false}",False
M7,M7.0.3,,What is the primary characteristic of CO2 extinguishers?,They are not very effective,They leave a residue,They are non-corrosive and non-conductive,,They are non-corrosive and non-conductive,MEDIUM,,,,APPROVED,,1,mcqs m7.docx,"{""raw"": ""What is the primary characteristic of CO2 extinguishers?"", ""question"": ""What is the primary characteristic of CO2 extinguishers?"", ""options"": [""They are not very effective"", ""They leave a residue"", ""They are non-corrosive and non-conductive""], ""correct"": ""They are non-corrosive and non-conductive"", ""answer_text"": null, ""category"": null, ""source_file"": ""mcqs m7.docx"", ""source_module"": ""M7"", ""fmt"": ""csv"", ""module"": ""M7"", ""syllabusRef"": ""M7.0.3"", ""level"": """", ""difficulty"": ""MEDIUM"", ""subTopic"": """", ""isEssay"": false}",False
M7,M7.07.08,,What should users be cautious about when handling the horn of a CO2 extinguisher?,It can become very hot,It can emit harmful gases,It can cause frostbite to bare skin,,It can cause frostbite to bare skin,MEDIUM,,,,APPROVED,,1,mcqs m7.docx,"{""raw"": ""What should users be cautious about when handling the horn of a CO2 extinguisher?"", ""question"": ""What should users be cautious about when handling the horn of a CO2 extinguisher?"", ""options"": [""It can become very hot"", ""It can emit harmful gases"", ""It can cause frostbite to bare skin""], ""correct"": ""It can cause frostbite to bare skin"", ""answer_text"": null, ""category"": null, ""source_file"": ""mcqs m7.docx"", ""source_module"": ""M7"", ""fmt"": ""csv"", ""module"": ""M7"", ""syllabusRef"": ""M7.07.08"", ""level"": """", ""difficulty"": ""MEDIUM"", ""subTopic"": """", ""isEssay"": false}",False
M7,M7.07.01,,What type of fires is Dry Powder effective against?,Class A only,Most classes of fire,"None, it's outdated",,Most classes of fire,MEDIUM,,,,APPROVED,,1,mcqs m7.docx,"{""raw"": ""What type of fires is Dry Powder effective against?"", ""question"": ""What type of fires is Dry Powder effective against?"", ""options"": [""Class A only"", ""Most classes of fire"", ""None, it's outdated""], ""correct"": ""Most classes of fire"", ""answer_text"": null, ""category"": null, ""source_file"": ""mcqs m7.docx"", ""source_module"": ""M7"", ""fmt"": ""csv"", ""module"": ""M7"", ""syllabusRef"": ""M7.07.01"", ""level"": """", ""difficulty"": ""MEDIUM"", ""subTopic"": """", ""isEssay"": false}",False
M7,,,What is a limitation of Dry Powder extinguishers on electrical fires?,They work too quickly,They can conduct high voltages,They leave no residue,,They can conduct high voltages,MEDIUM,,,,APPROVED,,1,mcqs m7.docx,"{""raw"": ""What is a limitation of Dry Powder extinguishers on electrical fires?"", ""question"": ""What is a limitation of Dry Powder extinguishers on electrical fires?"", ""options"": [""They work too quickly"", ""They can conduct high voltages"", ""They leave no residue""], ""correct"": ""They can conduct high voltages"", ""answer_text"": null, ""category"": null, ""source_file"": ""mcqs m7.docx"", ""source_module"": ""M7"", ""fmt"": ""csv"", ""module"": ""M7"", ""syllabusRef"": """", ""level"": """", ""difficulty"": ""MEDIUM"", ""subTopic"": """", ""isEssay"": false}",False
M7,M7.0.3,,Why can the residue from Dry Powder be problematic?,It cleans the area,It might affect electrical contacts,It evaporates quickly,,It might affect electrical contacts,MEDIUM,,,,APPROVED,,1,mcqs m7.docx,"{""raw"": ""Why can the residue from Dry Powder be problematic?"", ""question"": ""Why can the residue from Dry Powder be problematic?"", ""options"": [""It cleans the area"", ""It might affect electrical contacts"", ""It evaporates quickly""], ""correct"": ""It might affect electrical contacts"", ""answer_text"": null, ""category"": null, ""source_file"": ""mcqs m7.docx"", ""source_module"": ""M7"", ""fmt"": ""csv"", ""module"": ""M7"", ""syllabusRef"": ""M7.0.3"", ""level"": """", ""difficulty"": ""MEDIUM"", ""subTopic"": """", ""isEssay"": false}",False
M7,M7.0.3,,What should every worker know regarding First Aid?,The location of the vending machines,The location of First Aid Points,The break times,,The location of First Aid Points,MEDIUM,,,,APPROVED,,1,mcqs m7.docx,"{""raw"": ""What should every worker know regarding First Aid?"", ""question"": ""What should every worker know regarding First Aid?"", ""options"": [""The location of the vending machines"", ""The location of First Aid Points"", ""The break times""], ""correct"": ""The location of First Aid Points"", ""answer_text"": null, ""category"": null, ""source_file"": ""mcqs m7.docx"", ""source_module"": ""M7"", ""fmt"": ""csv"", ""module"": ""M7"", ""syllabusRef"": ""M7.0.3"", ""level"": """", ""difficulty"": ""MEDIUM"", ""subTopic"": """", ""isEssay"": false}",False
M7,M7.0.3,,What steps should be taken in the event of an injury?,Call the emergency contact only,Complete an entry in the Accident Book,Wait for someone else to report it,,Complete an entry in the Accident Book,MEDIUM,,,,APPROVED,,1,mcqs m7.docx,"{""raw"": ""What steps should be taken in the event of an injury?"", ""question"": ""What steps should be taken in the event of an injury?"", ""options"": [""Call the emergency contact only"", ""Complete an entry in the Accident Book"", ""Wait for someone else to report it""], ""correct"": ""Complete an entry in the Accident Book"", ""answer_text"": null, ""category"": null, ""source_file"": ""mcqs m7.docx"", ""source_module"": ""M7"", ""fmt"": ""csv"", ""module"": ""M7"", ""syllabusRef"": ""M7.0.3"", ""level"": """", ""difficulty"": ""MEDIUM"", ""subTopic"": """", ""isEssay"": false}",False
M7,,,Whose responsibility is it to know First Aid procedures?,Only supervisors,Everyone at work,Only new employees,,Everyone at work,MEDIUM,,,,APPROVED,,1,mcqs m7.docx,"{""raw"": ""Whose responsibility is it to know First Aid procedures?"", ""question"": ""Whose responsibility is it to know First Aid procedures?"", ""options"": [""Only supervisors"", ""Everyone at work"", ""Only new employees""], ""correct"": ""Everyone at work"", ""answer_text"": null, ""category"": null, ""source_file"": ""mcqs m7.docx"", ""source_module"": ""M7"", ""fmt"": ""csv"", ""module"": ""M7"", ""syllabusRef"": """", ""level"": """", ""difficulty"": ""MEDIUM"", ""subTopic"": """", ""isEssay"": false}",False
M7,M7.0.3,,What is the function of the Flammability Reduction System (FRS)?,Increase fuel efficiency,Reduce ignition risk by reducing fuel vapor concentration,Enhance overall performance,,Reduce ignition risk by reducing fuel vapor concentration,MEDIUM,,,,APPROVED,,1,mcqs m7.docx,"{""raw"": ""What is the function of the Flammability Reduction System (FRS)?"", ""question"": ""What is the function of the Flammability Reduction System (FRS)?"", ""options"": [""Increase fuel efficiency"", ""Reduce ignition risk by reducing fuel vapor concentration"", ""Enhance overall performance""], ""correct"": ""Reduce ignition risk by reducing fuel vapor concentration"", ""answer_text"": null, ""category"": null, ""source_file"": ""mcqs m7.docx"", ""source_module"": ""M7"", ""fmt"": ""csv"", ""module"": ""M7"", ""syllabusRef"": ""M7.0.3"", ""level"": """", ""difficulty"": ""MEDIUM"", ""subTopic"": """", ""isEssay"": false}",False
M7,M7.0.3,,What is the purpose of the CDCCL in maintenance?,Minimize ignition sources in fuel tanks,Increase fuel pressure,Improve flight duration,,Minimize ignition sources in fuel tanks,EASY,,,,APPROVED,,1,mcqs m7.docx,"{""raw"": ""What is the purpose of the CDCCL in maintenance?"", ""question"": ""What is the purpose of the CDCCL in maintenance?"", ""options"": [""Minimize ignition sources in fuel tanks"", ""Increase fuel pressure"", ""Improve flight duration""], ""correct"": ""Minimize ignition sources in fuel tanks"", ""answer_text"": null, ""category"": null, ""source_file"": ""mcqs m7.docx"", ""source_module"": ""M7"", ""fmt"": ""csv"", ""module"": ""M7"", ""syllabusRef"": ""M7.0.3"", ""level"": """", ""difficulty"": ""EASY"", ""subTopic"": """", ""isEssay"": false}",False
M7,M7.07.01,,What should be ensured during the process of Fuel Tank Entry?,There are no fire extinguishers present,Personnel are trained and adequate precautions are followed,Maintenance protocols are relaxed,,Personnel are trained and adequate precautions are followed,MEDIUM,,,,APPROVED,,1,mcqs m7.docx,"{""raw"": ""What should be ensured during the process of Fuel Tank Entry?"", ""question"": ""What should be ensured during the process of Fuel Tank Entry?"", ""options"": [""There are no fire extinguishers present"", ""Personnel are trained and adequate precautions are followed"", ""Maintenance protocols are relaxed""], ""correct"": ""Personnel are trained and adequate precautions are followed"", ""answer_text"": null, ""category"": null, ""source_file"": ""mcqs m7.docx"", ""source_module"": ""M7"", ""fmt"": ""csv"", ""module"": ""M7"", ""syllabusRef"": ""M7.07.01"", ""level"": """", ""difficulty"": ""MEDIUM"", ""subTopic"": """", ""isEssay"": false}",False
M7,M7.0.3,,What is the normal concentration of atmospheric oxygen?,About 10%,About 21%,About 25%,,About 21%,MEDIUM,,,,APPROVED,,1,mcqs m7.docx,"{""raw"": ""What is the normal concentration of atmospheric oxygen?"", ""question"": ""What is the normal concentration of atmospheric oxygen?"", ""options"": [""About 10%"", ""About 21%"", ""About 25%""], ""correct"": ""About 21%"", ""answer_text"": null, ""category"": null, ""source_file"": ""mcqs m7.docx"", ""source_module"": ""M7"", ""fmt"": ""csv"", ""module"": ""M7"", ""syllabusRef"": ""M7.0.3"", ""level"": """", ""difficulty"": ""MEDIUM"", ""subTopic"": """", ""isEssay"": false}",False
M7,,,What happens at oxygen-deficient levels of 19.5% or below?,Increased energy levels,Signs of oxygen starvation,No significant effects,,Signs of oxygen starvation,MEDIUM,,,,APPROVED,,1,mcqs m7.docx,"{""raw"": ""What happens at oxygen-deficient levels of 19.5% or below?"", ""question"": ""What happens at oxygen-deficient levels of 19.5% or below?"", ""options"": [""Increased energy levels"", ""Signs of oxygen starvation"", ""No significant effects""], ""correct"": ""Signs of oxygen starvation"", ""answer_text"": null, ""category"": null, ""source_file"": ""mcqs m7.docx"", ""source_module"": ""M7"", ""fmt"": ""csv"", ""module"": ""M7"", ""syllabusRef"": """", ""level"": """", ""difficulty"": ""MEDIUM"", ""subTopic"": """", ""isEssay"": false}",False
M7,M7.07.09,,Which symptoms might suggest oxygen starvation?,Headache and slurred speech,Increased productivity,Heightened awareness,,Headache and slurred speech,EASY,,,,APPROVED,,1,mcqs m7.docx,"{""raw"": ""Which symptoms might suggest oxygen starvation?"", ""question"": ""Which symptoms might suggest oxygen starvation?"", ""options"": [""Headache and slurred speech"", ""Increased productivity"", ""Heightened awareness""], ""correct"": ""Headache and slurred speech"", ""answer_text"": null, ""category"": null, ""source_file"": ""mcqs m7.docx"", ""source_module"": ""M7"", ""fmt"": ""csv"", ""module"": ""M7"", ""syllabusRef"": ""M7.07.09"", ""level"": """", ""difficulty"": ""EASY"", ""subTopic"": """", ""isEssay"": false}",False
M7,M7.0.3,,Where must approved artificial resuscitation methods be displayed?,On the office wall,On wall charts in workplaces,In employee handbooks,,On wall charts in workplaces,MEDIUM,,,,APPROVED,,1,mcqs m7.docx,"{""raw"": ""Where must approved artificial resuscitation methods be displayed?"", ""question"": ""Where must approved artificial resuscitation methods be displayed?"", ""options"": [""On the office wall"", ""On wall charts in workplaces"", ""In employee handbooks""], ""correct"": ""On wall charts in workplaces"", ""answer_text"": null, ""category"": null, ""source_file"": ""mcqs m7.docx"", ""source_module"": ""M7"", ""fmt"": ""csv"", ""module"": ""M7"", ""syllabusRef"": ""M7.0.3"", ""level"": """", ""difficulty"": ""MEDIUM"", ""subTopic"": """", ""isEssay"": false}",False
M7,M7.07.09,,What is required for tire gauge use?,A digital display,Calibration and a working regulator,A manual check-up,,Calibration and a working regulator,EASY,,,,APPROVED,,1,mcqs m7.docx,"{""raw"": ""What is required for tire gauge use?"", ""question"": ""What is required for tire gauge use?"", ""options"": [""A digital display"", ""Calibration and a working regulator"", ""A manual check-up""], ""correct"": ""Calibration and a working regulator"", ""answer_text"": null, ""category"": null, ""source_file"": ""mcqs m7.docx"", ""source_module"": ""M7"", ""fmt"": ""csv"", ""module"": ""M7"", ""syllabusRef"": ""M7.07.09"", ""level"": """", ""difficulty"": ""EASY"", ""subTopic"": """", ""isEssay"": false}",False
M7,M7.07.09,,At what pressure are oxygen and nitrogen typically stored?,"1,000 PSI","Around 1,800 PSI","2,500 PSI",,"Around 1,800 PSI",MEDIUM,,,,APPROVED,,1,mcqs m7.docx,"{""raw"": ""At what pressure are oxygen and nitrogen typically stored?"", ""question"": ""At what pressure are oxygen and nitrogen typically stored?"", ""options"": [""1,000 PSI"", ""Around 1,800 PSI"", ""2,500 PSI""], ""correct"": ""Around 1,800 PSI"", ""answer_text"": null, ""category"": null, ""source_file"": ""mcqs m7.docx"", ""source_module"": ""M7"", ""fmt"": ""csv"", ""module"": ""M7"", ""syllabusRef"": ""M7.07.09"", ""level"": """", ""difficulty"": ""MEDIUM"", ""subTopic"": """", ""isEssay"": false}",False
M7,M7.0.3,,What should be done to protect valves when not connected to a system?,Leave the valve uncovered,Score the valve,Screw on the protective cap,,Screw on the protective cap,MEDIUM,,,,APPROVED,,1,mcqs m7.docx,"{""raw"": ""What should be done to protect valves when not connected to a system?"", ""question"": ""What should be done to protect valves when not connected to a system?"", ""options"": [""Leave the valve uncovered"", ""Score the valve"", ""Screw on the protective cap""], ""correct"": ""Screw on the protective cap"", ""answer_text"": null, ""category"": null, ""source_file"": ""mcqs m7.docx"", ""source_module"": ""M7"", ""fmt"": ""csv"", ""module"": ""M7"", ""syllabusRef"": ""M7.0.3"", ""level"": """", ""difficulty"": ""MEDIUM"", ""subTopic"": """", ""isEssay"": false}",False
M7,M7.07.09,,Why must oxygen cylinders be treated with special care?,They are lightweight,They pose a risk of explosion and combustion,They are used for cooking,,They pose a risk of explosion and combustion,MEDIUM,,,,APPROVED,,1,mcqs m7.docx,"{""raw"": ""Why must oxygen cylinders be treated with special care?"", ""question"": ""Why must oxygen cylinders be treated with special care?"", ""options"": [""They are lightweight"", ""They pose a risk of explosion and combustion"", ""They are used for cooking""], ""correct"": ""They pose a risk of explosion and combustion"", ""answer_text"": null, ""category"": null, ""source_file"": ""mcqs m7.docx"", ""source_module"": ""M7"", ""fmt"": ""csv"", ""module"": ""M7"", ""syllabusRef"": ""M7.07.09"", ""level"": """", ""difficulty"": ""MEDIUM"", ""subTopic"": """", ""isEssay"": false}",False
M7,M7.0.7,,What should never be allowed with oxygen?,Contact with water,Contact with petroleum products,Exposure to sunlight,,Contact with petroleum products,EASY,,,,APPROVED,,1,mcqs m7.docx,"{""raw"": ""What should never be allowed with oxygen?"", ""question"": ""What should never be allowed with oxygen?"", ""options"": [""Contact with water"", ""Contact with petroleum products"", ""Exposure to sunlight""], ""correct"": ""Contact with petroleum products"", ""answer_text"": null, ""category"": null, ""source_file"": ""mcqs m7.docx"", ""source_module"": ""M7"", ""fmt"": ""csv"", ""module"": ""M7"", ""syllabusRef"": ""M7.0.7"", ""level"": """", ""difficulty"": ""EASY"", ""subTopic"": """", ""isEssay"": false}",False
M7,M7.0.3,,What color codes are used for gas containers in the UK?,Random colors,BS 381C standards,No color codes,,BS 381C standards,MEDIUM,,,,APPROVED,,1,mcqs m7.docx,"{""raw"": ""What color codes are used for gas containers in the UK?"", ""question"": ""What color codes are used for gas containers in the UK?"", ""options"": [""Random colors"", ""BS 381C standards"", ""No color codes""], ""correct"": ""BS 381C standards"", ""answer_text"": null, ""category"": null, ""source_file"": ""mcqs m7.docx"", ""source_module"": ""M7"", ""fmt"": ""csv"", ""module"": ""M7"", ""syllabusRef"": ""M7.0.3"", ""level"": """", ""difficulty"": ""MEDIUM"", ""subTopic"": """", ""isEssay"": false}",False
M7,M7.0.7,,What color are nitrogen bottles typically painted?,Green,Grey with a black neck,Blue,,Grey with a black neck,MEDIUM,,,,APPROVED,,1,mcqs m7.docx,"{""raw"": ""What color are nitrogen bottles typically painted?"", ""question"": ""What color are nitrogen bottles typically painted?"", ""options"": [""Green"", ""Grey with a black neck"", ""Blue""], ""correct"": ""Grey with a black neck"", ""answer_text"": null, ""category"": null, ""source_file"": ""mcqs m7.docx"", ""source_module"": ""M7"", ""fmt"": ""csv"", ""module"": ""M7"", ""syllabusRef"": ""M7.0.7"", ""level"": """", ""difficulty"": ""MEDIUM"", ""subTopic"": """", ""isEssay"": false}",False
M7,M7.0.3,,What is the method called for transferring high-pressure gases?,Hosing,Decanting,Pouring,,Decanting,MEDIUM,,,,APPROVED,,1,mcqs m7.docx,"{""raw"": ""What is the method called for transferring high-pressure gases?"", ""question"": ""What is the method called for transferring high-pressure gases?"", ""options"": [""Hosing"", ""Decanting"", ""Pouring""], ""correct"": ""Decanting"", ""answer_text"": null, ""category"": null, ""source_file"": ""mcqs m7.docx"", ""source_module"": ""M7"", ""fmt"": ""csv"", ""module"": ""M7"", ""syllabusRef"": ""M7.0.3"", ""level"": """", ""difficulty"": ""MEDIUM"", ""subTopic"": """", ""isEssay"": false}",False
M7,M7.0.3,,Why must gas transfer be done slowly?,To prevent spillage,To avoid temperature increases in the receiving component,To save time,,To avoid temperature increases in the receiving component,EASY,,,,APPROVED,,1,mcqs m7.docx,"{""raw"": ""Why must gas transfer be done slowly?"", ""question"": ""Why must gas transfer be done slowly?"", ""options"": [""To prevent spillage"", ""To avoid temperature increases in the receiving component"", ""To save time""], ""correct"": ""To avoid temperature increases in the receiving component"", ""answer_text"": null, ""category"": null, ""source_file"": ""mcqs m7.docx"", ""source_module"": ""M7"", ""fmt"": ""csv"", ""module"": ""M7"", ""syllabusRef"": ""M7.0.3"", ""level"": """", ""difficulty"": ""EASY"", ""subTopic"": """", ""isEssay"": false}",False
M7,M7.07.01,,"When PSUs reach their life expiry, what is essential?",To keep using them until they fail,To follow all precautions for safe transit,To leave them unattended,,To follow all precautions for safe transit,MEDIUM,,,,APPROVED,,1,mcqs m7.docx,"{""raw"": ""When PSUs reach their life expiry, what is essential?"", ""question"": ""When PSUs reach their life expiry, what is essential?"", ""options"": [""To keep using them until they fail"", ""To follow all precautions for safe transit"", ""To leave them unattended""], ""correct"": ""To follow all precautions for safe transit"", ""answer_text"": null, ""category"": null, ""source_file"": ""mcqs m7.docx"", ""source_module"": ""M7"", ""fmt"": ""csv"", ""module"": ""M7"", ""syllabusRef"": ""M7.07.01"", ""level"": """", ""difficulty"": ""MEDIUM"", ""subTopic"": """", ""isEssay"": false}",False
M7,M7.0.7,,What can sweeping up gasoline spillage with a dry broom cause?,A quick clean-up,A build-up of static electricity,No effect at all,,A build-up of static electricity,MEDIUM,,,,APPROVED,,1,mcqs m7.docx,"{""raw"": ""What can sweeping up gasoline spillage with a dry broom cause?"", ""question"": ""What can sweeping up gasoline spillage with a dry broom cause?"", ""options"": [""A quick clean-up"", ""A build-up of static electricity"", ""No effect at all""], ""correct"": ""A build-up of static electricity"", ""answer_text"": null, ""category"": null, ""source_file"": ""mcqs m7.docx"", ""source_module"": ""M7"", ""fmt"": ""csv"", ""module"": ""M7"", ""syllabusRef"": ""M7.0.7"", ""level"": """", ""difficulty"": ""MEDIUM"", ""subTopic"": """", ""isEssay"": false}",False
M7,M7.07.01,,What should be present during refueling operations?,Fire extinguishers,Personal items,Food and drinks,,Fire extinguishers,MEDIUM,,,,APPROVED,,1,mcqs m7.docx,"{""raw"": ""What should be present during refueling operations?"", ""question"": ""What should be present during refueling operations?"", ""options"": [""Fire extinguishers"", ""Personal items"", ""Food and drinks""], ""correct"": ""Fire extinguishers"", ""answer_text"": null, ""category"": null, ""source_file"": ""mcqs m7.docx"", ""source_module"": ""M7"", ""fmt"": ""csv"", ""module"": ""M7"", ""syllabusRef"": ""M7.07.01"", ""level"": """", ""difficulty"": ""MEDIUM"", ""subTopic"": """", ""isEssay"": false}",False
M7,M7.07.08,,What is often included in references to refueling?,De-fueling,Only filling tanks,General cleaning,,De-fueling,MEDIUM,,,,APPROVED,,1,mcqs m7.docx,"{""raw"": ""What is often included in references to refueling?"", ""question"": ""What is often included in references to refueling?"", ""options"": [""De-fueling"", ""Only filling tanks"", ""General cleaning""], ""correct"": ""De-fueling"", ""answer_text"": null, ""category"": null, ""source_file"": ""mcqs m7.docx"", ""source_module"": ""M7"", ""fmt"": ""csv"", ""module"": ""M7"", ""syllabusRef"": ""M7.07.08"", ""level"": """", ""difficulty"": ""MEDIUM"", ""subTopic"": """", ""isEssay"": false}",False
M7,M7.0.001,,Some materials referred to as 'heavy metals' have what properties?,High thermal conductivity,Mildly radioactive,Dark color only,,Mildly radioactive,MEDIUM,,,,APPROVED,,1,mcqs m7.docx,"{""raw"": ""Some materials referred to as 'heavy metals' have what properties?"", ""question"": ""Some materials referred to as 'heavy metals' have what properties?"", ""options"": [""High thermal conductivity"", ""Mildly radioactive"", ""Dark color only""], ""correct"": ""Mildly radioactive"", ""answer_text"": null, ""category"": null, ""source_file"": ""mcqs m7.docx"", ""source_module"": ""M7"", ""fmt"": ""csv"", ""module"": ""M7"", ""syllabusRef"": ""M7.0.001"", ""level"": """", ""difficulty"": ""MEDIUM"", ""subTopic"": """", ""isEssay"": false}",False
M7,M7.0.3,,What is a major source of accidents on the flight line?,Untrained personnel,Propellers and rotor blades,Weather conditions,,Propellers and rotor blades,MEDIUM,,,,APPROVED,,1,mcqs m7.docx,"{""raw"": ""What is a major source of accidents on the flight line?"", ""question"": ""What is a major source of accidents on the flight line?"", ""options"": [""Untrained personnel"", ""Propellers and rotor blades"", ""Weather conditions""], ""correct"": ""Propellers and rotor blades"", ""answer_text"": null, ""category"": null, ""source_file"": ""mcqs m7.docx"", ""source_module"": ""M7"", ""fmt"": ""csv"", ""module"": ""M7"", ""syllabusRef"": ""M7.0.3"", ""level"": """", ""difficulty"": ""MEDIUM"", ""subTopic"": """", ""isEssay"": false}",False
M7,M7.0.3,,Why is it hard to see propellers and rotor blades when they are turning?,They are camouflaged,They move too quickly,They blend into the background,,They move too quickly,MEDIUM,,,,APPROVED,,1,mcqs m7.docx,"{""raw"": ""Why is it hard to see propellers and rotor blades when they are turning?"", ""question"": ""Why is it hard to see propellers and rotor blades when they are turning?"", ""options"": [""They are camouflaged"", ""They move too quickly"", ""They blend into the background""], ""correct"": ""They move too quickly"", ""answer_text"": null, ""category"": null, ""source_file"": ""mcqs m7.docx"", ""source_module"": ""M7"", ""fmt"": ""csv"", ""module"": ""M7"", ""syllabusRef"": ""M7.0.3"", ""level"": """", ""difficulty"": ""MEDIUM"", ""subTopic"": """", ""isEssay"": false}",False
M7,M7.0.7,,What do high-visibility markings on blades help with?,Making them look attractive,Ensuring they can be seen when turning,Showcasing features,,Ensuring they can be seen when turning,MEDIUM,,,,APPROVED,,1,mcqs m7.docx,"{""raw"": ""What do high-visibility markings on blades help with?"", ""question"": ""What do high-visibility markings on blades help with?"", ""options"": [""Making them look attractive"", ""Ensuring they can be seen when turning"", ""Showcasing features""], ""correct"": ""Ensuring they can be seen when turning"", ""answer_text"": null, ""category"": null, ""source_file"": ""mcqs m7.docx"", ""source_module"": ""M7"", ""fmt"": ""csv"", ""module"": ""M7"", ""syllabusRef"": ""M7.0.7"", ""level"": """", ""difficulty"": ""MEDIUM"", ""subTopic"": """", ""isEssay"": false}",False
M7,M7.07.01,,What is critical about aircraft cargo doors?,They are always locked,They are usually electrically or hydraulically activated,They require manual force,,They are usually electrically or hydraulically activated,EASY,,,,APPROVED,,1,mcqs m7.docx,"{""raw"": ""What is critical about aircraft cargo doors?"", ""question"": ""What is critical about aircraft cargo doors?"", ""options"": [""They are always locked"", ""They are usually electrically or hydraulically activated"", ""They require manual force""], ""correct"": ""They are usually electrically or hydraulically activated"", ""answer_text"": null, ""category"": null, ""source_file"": ""mcqs m7.docx"", ""source_module"": ""M7"", ""fmt"": ""csv"", ""module"": ""M7"", ""syllabusRef"": ""M7.07.01"", ""level"": """", ""difficulty"": ""EASY"", ""subTopic"": """", ""isEssay"": false}",False
M7,M7.0.7,,What should be done with fuel spills immediately?,Ignored,Cleaned up immediately,Reported weekly,,Cleaned up immediately,EASY,,,,APPROVED,,1,mcqs m7.docx,"{""raw"": ""What should be done with fuel spills immediately?"", ""question"": ""What should be done with fuel spills immediately?"", ""options"": [""Ignored"", ""Cleaned up immediately"", ""Reported weekly""], ""correct"": ""Cleaned up immediately"", ""answer_text"": null, ""category"": null, ""source_file"": ""mcqs m7.docx"", ""source_module"": ""M7"", ""fmt"": ""csv"", ""module"": ""M7"", ""syllabusRef"": ""M7.0.7"", ""level"": """", ""difficulty"": ""EASY"", ""subTopic"": """", ""isEssay"": false}",False
M7,M7.07.09,,What should be used when handling electric or electronic equipment?,Ordinary packaging,Special anti-static blankets and packaging,Cardboard boxes,,Special anti-static blankets and packaging,MEDIUM,,,,APPROVED,,1,mcqs m7.docx,"{""raw"": ""What should be used when handling electric or electronic equipment?"", ""question"": ""What should be used when handling electric or electronic equipment?"", ""options"": [""Ordinary packaging"", ""Special anti-static blankets and packaging"", ""Cardboard boxes""], ""correct"": ""Special anti-static blankets and packaging"", ""answer_text"": null, ""category"": null, ""source_file"": ""mcqs m7.docx"", ""source_module"": ""M7"", ""fmt"": ""csv"", ""module"": ""M7"", ""syllabusRef"": ""M7.07.09"", ""level"": """", ""difficulty"": ""MEDIUM"", ""subTopic"": """", ""isEssay"": false}",False
M7,,,Why is it important not to touch pin connections underneath black blanks?,It can cause corrosion,Static discharge can damage electronics,It is unnecessary,,Static discharge can damage electronics,MEDIUM,,,,APPROVED,,1,mcqs m7.docx,"{""raw"": ""Why is it important not to touch pin connections underneath black blanks?"", ""question"": ""Why is it important not to touch pin connections underneath black blanks?"", ""options"": [""It can cause corrosion"", ""Static discharge can damage electronics"", ""It is unnecessary""], ""correct"": ""Static discharge can damage electronics"", ""answer_text"": null, ""category"": null, ""source_file"": ""mcqs m7.docx"", ""source_module"": ""M7"", ""fmt"": ""csv"", ""module"": ""M7"", ""syllabusRef"": """", ""level"": """", ""difficulty"": ""MEDIUM"", ""subTopic"": """", ""isEssay"": false}",False
M7,M7.0.5,,What must a safety tag indicate when deactivating a circuit breaker?,The voltage level,That it is not being used,Its status to other maintenance personnel,,Its status to other maintenance personnel,MEDIUM,,,,APPROVED,,1,mcqs m7.docx,"{""raw"": ""What must a safety tag indicate when deactivating a circuit breaker?"", ""question"": ""What must a safety tag indicate when deactivating a circuit breaker?"", ""options"": [""The voltage level"", ""That it is not being used"", ""Its status to other maintenance personnel""], ""correct"": ""Its status to other maintenance personnel"", ""answer_text"": null, ""category"": null, ""source_file"": ""mcqs m7.docx"", ""source_module"": ""M7"", ""fmt"": ""csv"", ""module"": ""M7"", ""syllabusRef"": ""M7.0.5"", ""level"": """", ""difficulty"": ""MEDIUM"", ""subTopic"": """", ""isEssay"": false}",False
M7,M7.0.3,,Who should consult after a circuit breaker has been isolated?,Any random worker,The person who isolated it,Management only,,The person who isolated it,MEDIUM,,,,APPROVED,,1,mcqs m7.docx,"{""raw"": ""Who should consult after a circuit breaker has been isolated?"", ""question"": ""Who should consult after a circuit breaker has been isolated?"", ""options"": [""Any random worker"", ""The person who isolated it"", ""Management only""], ""correct"": ""The person who isolated it"", ""answer_text"": null, ""category"": null, ""source_file"": ""mcqs m7.docx"", ""source_module"": ""M7"", ""fmt"": ""csv"", ""module"": ""M7"", ""syllabusRef"": ""M7.0.3"", ""level"": """", ""difficulty"": ""MEDIUM"", ""subTopic"": """", ""isEssay"": false}",False
M7,M7.0.001,,What should an aerial in the nose of an aircraft have?,A clear view of 20 meters,An unobstructed view of about 30 meters,A view of 5 meters,,An unobstructed view of about 30 meters,MEDIUM,,,,APPROVED,,1,mcqs m7.docx,"{""raw"": ""What should an aerial in the nose of an aircraft have?"", ""question"": ""What should an aerial in the nose of an aircraft have?"", ""options"": [""A clear view of 20 meters"", ""An unobstructed view of about 30 meters"", ""A view of 5 meters""], ""correct"": ""An unobstructed view of about 30 meters"", ""answer_text"": null, ""category"": null, ""source_file"": ""mcqs m7.docx"", ""source_module"": ""M7"", ""fmt"": ""csv"", ""module"": ""M7"", ""syllabusRef"": ""M7.0.001"", ""level"": """", ""difficulty"": ""MEDIUM"", ""subTopic"": """", ""isEssay"": false}",False
M7,M7.07.01,,What must be established around the nose of an aircraft?,A food stand,A barrier about 3 meters from the nose,An open area for personnel,,A barrier about 3 meters from the nose,MEDIUM,,,,APPROVED,,1,mcqs m7.docx,"{""raw"": ""What must be established around the nose of an aircraft?"", ""question"": ""What must be established around the nose of an aircraft?"", ""options"": [""A food stand"", ""A barrier about 3 meters from the nose"", ""An open area for personnel""], ""correct"": ""A barrier about 3 meters from the nose"", ""answer_text"": null, ""category"": null, ""source_file"": ""mcqs m7.docx"", ""source_module"": ""M7"", ""fmt"": ""csv"", ""module"": ""M7"", ""syllabusRef"": ""M7.07.01"", ""level"": """", ""difficulty"": ""MEDIUM"", ""subTopic"": """", ""isEssay"": false}",False
M7,,,What should NOT be happening during weather radar testing?,No people must be near,Fuelling operations should not be in progress,Maintenance checks should be ongoing,,Fuelling operations should not be in progress,MEDIUM,,,,APPROVED,,1,mcqs m7.docx,"{""raw"": ""What should NOT be happening during weather radar testing?"", ""question"": ""What should NOT be happening during weather radar testing?"", ""options"": [""No people must be near"", ""Fuelling operations should not be in progress"", ""Maintenance checks should be ongoing""], ""correct"": ""Fuelling operations should not be in progress"", ""answer_text"": null, ""category"": null, ""source_file"": ""mcqs m7.docx"", ""source_module"": ""M7"", ""fmt"": ""csv"", ""module"": ""M7"", ""syllabusRef"": """", ""level"": """", ""difficulty"": ""MEDIUM"", ""subTopic"": """", ""isEssay"": false}",False
M7,,,What is still required despite advances in mechanization?,High hand skills,Fewer hand skills,More automation,,High hand skills,MEDIUM,,,,APPROVED,,1,mcqs m7.docx,"{""raw"": ""What is still required despite advances in mechanization?"", ""question"": ""What is still required despite advances in mechanization?"", ""options"": [""High hand skills"", ""Fewer hand skills"", ""More automation""], ""correct"": ""High hand skills"", ""answer_text"": null, ""category"": null, ""source_file"": ""mcqs m7.docx"", ""source_module"": ""M7"", ""fmt"": ""csv"", ""module"": ""M7"", ""syllabusRef"": """", ""level"": """", ""difficulty"": ""MEDIUM"", ""subTopic"": """", ""isEssay"": false}",False
M7,M7.07.03,,Who is responsible for maintaining personal tools?,Engineers,The team leader,The HR department,,Engineers,MEDIUM,,,,APPROVED,,1,mcqs m7.docx,"{""raw"": ""Who is responsible for maintaining personal tools?"", ""question"": ""Who is responsible for maintaining personal tools?"", ""options"": [""Engineers"", ""The team leader"", ""The HR department""], ""correct"": ""Engineers"", ""answer_text"": null, ""category"": null, ""source_file"": ""mcqs m7.docx"", ""source_module"": ""M7"", ""fmt"": ""csv"", ""module"": ""M7"", ""syllabusRef"": ""M7.07.03"", ""level"": """", ""difficulty"": ""MEDIUM"", ""subTopic"": """", ""isEssay"": false}",False
M7,M7.07.03,,What should engineers ensure regarding tools?,They are left in the aircraft,They are not left in aircraft or components,They are used by anyone,,They are not left in aircraft or components,EASY,,,,APPROVED,,1,mcqs m7.docx,"{""raw"": ""What should engineers ensure regarding tools?"", ""question"": ""What should engineers ensure regarding tools?"", ""options"": [""They are left in the aircraft"", ""They are not left in aircraft or components"", ""They are used by anyone""], ""correct"": ""They are not left in aircraft or components"", ""answer_text"": null, ""category"": null, ""source_file"": ""mcqs m7.docx"", ""source_module"": ""M7"", ""fmt"": ""csv"", ""module"": ""M7"", ""syllabusRef"": ""M7.07.03"", ""level"": """", ""difficulty"": ""EASY"", ""subTopic"": """", ""isEssay"": false}",False
M7,M7.07.09,,What is particularly important for precision instruments?,General storage,Care in storage and use,Cost-effectiveness,,Care in storage and use,MEDIUM,,,,APPROVED,,1,mcqs m7.docx,"{""raw"": ""What is particularly important for precision instruments?"", ""question"": ""What is particularly important for precision instruments?"", ""options"": [""General storage"", ""Care in storage and use"", ""Cost-effectiveness""], ""correct"": ""Care in storage and use"", ""answer_text"": null, ""category"": null, ""source_file"": ""mcqs m7.docx"", ""source_module"": ""M7"", ""fmt"": ""csv"", ""module"": ""M7"", ""syllabusRef"": ""M7.07.09"", ""level"": """", ""difficulty"": ""MEDIUM"", ""subTopic"": """", ""isEssay"": false}",False
M7,M7.07.03,,What is vital for flight safety?,Control of tools,No need for checks,Allowing anyone to use tools,,Control of tools,EASY,,,,APPROVED,,1,mcqs m7.docx,"{""raw"": ""What is vital for flight safety?"", ""question"": ""What is vital for flight safety?"", ""options"": [""Control of tools"", ""No need for checks"", ""Allowing anyone to use tools""], ""correct"": ""Control of tools"", ""answer_text"": null, ""category"": null, ""source_file"": ""mcqs m7.docx"", ""source_module"": ""M7"", ""fmt"": ""csv"", ""module"": ""M7"", ""syllabusRef"": ""M7.07.03"", ""level"": """", ""difficulty"": ""EASY"", ""subTopic"": """", ""isEssay"": false}",False
M7,M7.07.03,,What is required for an acceptable tool control system?,A random check,A 100% check of tools in use,A supervisor’s verification,,A 100% check of tools in use,MEDIUM,,,,APPROVED,,1,mcqs m7.docx,"{""raw"": ""What is required for an acceptable tool control system?"", ""question"": ""What is required for an acceptable tool control system?"", ""options"": [""A random check"", ""A 100% check of tools in use"", ""A supervisor’s verification""], ""correct"": ""A 100% check of tools in use"", ""answer_text"": null, ""category"": null, ""source_file"": ""mcqs m7.docx"", ""source_module"": ""M7"", ""fmt"": ""csv"", ""module"": ""M7"", ""syllabusRef"": ""M7.07.03"", ""level"": """", ""difficulty"": ""MEDIUM"", ""subTopic"": """", ""isEssay"": false}",False
M7,M7.0.3,,What does the 'Shadow Board' system help with?,Cost control,Tool identification,Employee organization,,Tool identification,EASY,,,,APPROVED,,1,mcqs m7.docx,"{""raw"": ""What does the 'Shadow Board' system help with?"", ""question"": ""What does the 'Shadow Board' system help with?"", ""options"": [""Cost control"", ""Tool identification"", ""Employee organization""], ""correct"": ""Tool identification"", ""answer_text"": null, ""category"": null, ""source_file"": ""mcqs m7.docx"", ""source_module"": ""M7"", ""fmt"": ""csv"", ""module"": ""M7"", ""syllabusRef"": ""M7.0.3"", ""level"": """", ""difficulty"": ""EASY"", ""subTopic"": """", ""isEssay"": false}",False
M7,M7.07.03,,What is exchanged within the shadow board system?,Equipment manuals,Identification tokens for tools,Price lists,,Identification tokens for tools,EASY,,,,APPROVED,,1,mcqs m7.docx,"{""raw"": ""What is exchanged within the shadow board system?"", ""question"": ""What is exchanged within the shadow board system?"", ""options"": [""Equipment manuals"", ""Identification tokens for tools"", ""Price lists""], ""correct"": ""Identification tokens for tools"", ""answer_text"": null, ""category"": null, ""source_file"": ""mcqs m7.docx"", ""source_module"": ""M7"", ""fmt"": ""csv"", ""module"": ""M7"", ""syllabusRef"": ""M7.07.03"", ""level"": """", ""difficulty"": ""EASY"", ""subTopic"": """", ""isEssay"": false}",False
M7,M7.07.03,,What are tools held by the department referred to as?,Shared tools,Personal tools,Special tools,,Special tools,MEDIUM,,,,APPROVED,,1,mcqs m7.docx,"{""raw"": ""What are tools held by the department referred to as?"", ""question"": ""What are tools held by the department referred to as?"", ""options"": [""Shared tools"", ""Personal tools"", ""Special tools""], ""correct"": ""Special tools"", ""answer_text"": null, ""category"": null, ""source_file"": ""mcqs m7.docx"", ""source_module"": ""M7"", ""fmt"": ""csv"", ""module"": ""M7"", ""syllabusRef"": ""M7.07.03"", ""level"": """", ""difficulty"": ""MEDIUM"", ""subTopic"": """", ""isEssay"": false}",False
M7,M7.07.03,,What do special tools facilitate?,General use by any technician,Maintenance work on specific items,Casual use,,Maintenance work on specific items,EASY,,,,APPROVED,,1,mcqs m7.docx,"{""raw"": ""What do special tools facilitate?"", ""question"": ""What do special tools facilitate?"", ""options"": [""General use by any technician"", ""Maintenance work on specific items"", ""Casual use""], ""correct"": ""Maintenance work on specific items"", ""answer_text"": null, ""category"": null, ""source_file"": ""mcqs m7.docx"", ""source_module"": ""M7"", ""fmt"": ""csv"", ""module"": ""M7"", ""syllabusRef"": ""M7.07.03"", ""level"": """", ""difficulty"": ""EASY"", ""subTopic"": """", ""isEssay"": false}",False
M7,M7.07.03,,Whose responsibility is it to track tools?,Only the team lead,Each technician,The maintenance manager,,Each technician,EASY,,,,APPROVED,,1,mcqs m7.docx,"{""raw"": ""Whose responsibility is it to track tools?"", ""question"": ""Whose responsibility is it to track tools?"", ""options"": [""Only the team lead"", ""Each technician"", ""The maintenance manager""], ""correct"": ""Each technician"", ""answer_text"": null, ""category"": null, ""source_file"": ""mcqs m7.docx"", ""source_module"": ""M7"", ""fmt"": ""csv"", ""module"": ""M7"", ""syllabusRef"": ""M7.07.03"", ""level"": """", ""difficulty"": ""EASY"", ""subTopic"": """", ""isEssay"": false}",False
M7,M7.0.3,,What is the most important check of all?,End of Work tool check,Daily inventory,Tool purchase requirements,,End of Work tool check,EASY,,,,APPROVED,,1,mcqs m7.docx,"{""raw"": ""What is the most important check of all?"", ""question"": ""What is the most important check of all?"", ""options"": [""End of Work tool check"", ""Daily inventory"", ""Tool purchase requirements""], ""correct"": ""End of Work tool check"", ""answer_text"": null, ""category"": null, ""source_file"": ""mcqs m7.docx"", ""source_module"": ""M7"", ""fmt"": ""csv"", ""module"": ""M7"", ""syllabusRef"": ""M7.0.3"", ""level"": """", ""difficulty"": ""EASY"", ""subTopic"": """", ""isEssay"": false}",False
M7,M7.0.3,,Where must flammable materials be stored?,Indoors,Outdoors,Anywhere in the workshop,,Outdoors,EASY,,,,APPROVED,,1,mcqs m7.docx,"{""raw"": ""Where must flammable materials be stored?"", ""question"": ""Where must flammable materials be stored?"", ""options"": [""Indoors"", ""Outdoors"", ""Anywhere in the workshop""], ""correct"": ""Outdoors"", ""answer_text"": null, ""category"": null, ""source_file"": ""mcqs m7.docx"", ""source_module"": ""M7"", ""fmt"": ""csv"", ""module"": ""M7"", ""syllabusRef"": ""M7.0.3"", ""level"": """", ""difficulty"": ""EASY"", ""subTopic"": """", ""isEssay"": false}",False
M7,M7.0.3,,Why are flammable materials stored on the north side of a workshop in the Northern Hemisphere?,For aesthetic reasons,To keep them in the shade,For ventilation,,To keep them in the shade,MEDIUM,,,,APPROVED,,1,mcqs m7.docx,"{""raw"": ""Why are flammable materials stored on the north side of a workshop in the Northern Hemisphere?"", ""question"": ""Why are flammable materials stored on the north side of a workshop in the Northern Hemisphere?"", ""options"": [""For aesthetic reasons"", ""To keep them in the shade"", ""For ventilation""], ""correct"": ""To keep them in the shade"", ""answer_text"": null, ""category"": null, ""source_file"": ""mcqs m7.docx"", ""source_module"": ""M7"", ""fmt"": ""csv"", ""module"": ""M7"", ""syllabusRef"": ""M7.0.3"", ""level"": """", ""difficulty"": ""MEDIUM"", ""subTopic"": """", ""isEssay"": false}",False
M7,M7.0.3,,What must be checked before using workshop liquids?,Their color,The expiry date,The smell,,The expiry date,MEDIUM,,,,APPROVED,,1,mcqs m7.docx,"{""raw"": ""What must be checked before using workshop liquids?"", ""question"": ""What must be checked before using workshop liquids?"", ""options"": [""Their color"", ""The expiry date"", ""The smell""], ""correct"": ""The expiry date"", ""answer_text"": null, ""category"": null, ""source_file"": ""mcqs m7.docx"", ""source_module"": ""M7"", ""fmt"": ""csv"", ""module"": ""M7"", ""syllabusRef"": ""M7.0.3"", ""level"": """", ""difficulty"": ""MEDIUM"", ""subTopic"": """", ""isEssay"": false}",False
M7,M7.0.3,,What can happen to materials if used beyond their expiry date?,They remain the same,They may become unsafe,They become more effective,,They may become unsafe,MEDIUM,,,,APPROVED,,1,mcqs m7.docx,"{""raw"": ""What can happen to materials if used beyond their expiry date?"", ""question"": ""What can happen to materials if used beyond their expiry date?"", ""options"": [""They remain the same"", ""They may become unsafe"", ""They become more effective""], ""correct"": ""They may become unsafe"", ""answer_text"": null, ""category"": null, ""source_file"": ""mcqs m7.docx"", ""source_module"": ""M7"", ""fmt"": ""csv"", ""module"": ""M7"", ""syllabusRef"": ""M7.0.3"", ""level"": """", ""difficulty"": ""MEDIUM"", ""subTopic"": """", ""isEssay"": false}",False
M7,M7.07.03,,What should be calibrated to acceptable standards in aviation?,Tools and equipment,Only large machinery,Packaging materials,,Tools and equipment,MEDIUM,,,,APPROVED,,1,mcqs m7.docx,"{""raw"": ""What should be calibrated to acceptable standards in aviation?"", ""question"": ""What should be calibrated to acceptable standards in aviation?"", ""options"": [""Tools and equipment"", ""Only large machinery"", ""Packaging materials""], ""correct"": ""Tools and equipment"", ""answer_text"": null, ""category"": null, ""source_file"": ""mcqs m7.docx"", ""source_module"": ""M7"", ""fmt"": ""csv"", ""module"": ""M7"", ""syllabusRef"": ""M7.07.03"", ""level"": """", ""difficulty"": ""MEDIUM"", ""subTopic"": """", ""isEssay"": false}",False
M7,,,What standard may be applicable to calibration?,Company policy,National/International Standards,Random checks,,National/International Standards,EASY,,,,APPROVED,,1,mcqs m7.docx,"{""raw"": ""What standard may be applicable to calibration?"", ""question"": ""What standard may be applicable to calibration?"", ""options"": [""Company policy"", ""National/International Standards"", ""Random checks""], ""correct"": ""National/International Standards"", ""answer_text"": null, ""category"": null, ""source_file"": ""mcqs m7.docx"", ""source_module"": ""M7"", ""fmt"": ""csv"", ""module"": ""M7"", ""syllabusRef"": """", ""level"": """", ""difficulty"": ""EASY"", ""subTopic"": """", ""isEssay"": false}",False
M7,M7.0.3,,What information should be included in calibration records?,Date of purchase only,Equipment identification and results obtained,Just the last calibration date,,Equipment identification and results obtained,MEDIUM,,,,APPROVED,,1,mcqs m7.docx,"{""raw"": ""What information should be included in calibration records?"", ""question"": ""What information should be included in calibration records?"", ""options"": [""Date of purchase only"", ""Equipment identification and results obtained"", ""Just the last calibration date""], ""correct"": ""Equipment identification and results obtained"", ""answer_text"": null, ""category"": null, ""source_file"": ""mcqs m7.docx"", ""source_module"": ""M7"", ""fmt"": ""csv"", ""module"": ""M7"", ""syllabusRef"": ""M7.0.3"", ""level"": """", ""difficulty"": ""MEDIUM"", ""subTopic"": """", ""isEssay"": false}",False
M7,M7.07.03,,What is critical for ensuring tools are adequately calibrated?,Only one record is needed,Regular checks against set intervals,A supervisor's signature,,Regular checks against set intervals,MEDIUM,,,,APPROVED,,1,mcqs m7.docx,"{""raw"": ""What is critical for ensuring tools are adequately calibrated?"", ""question"": ""What is critical for ensuring tools are adequately calibrated?"", ""options"": [""Only one record is needed"", ""Regular checks against set intervals"", ""A supervisor's signature""], ""correct"": ""Regular checks against set intervals"", ""answer_text"": null, ""category"": null, ""source_file"": ""mcqs m7.docx"", ""source_module"": ""M7"", ""fmt"": ""csv"", ""module"": ""M7"", ""syllabusRef"": ""M7.07.03"", ""level"": """", ""difficulty"": ""MEDIUM"", ""subTopic"": """", ""isEssay"": false}",False
M7,,,What does a 'standard' represent?,An informal guideline,Agreed way of doing something,A personal choice,,Agreed way of doing something,EASY,,,,APPROVED,,1,mcqs m7.docx,"{""raw"": ""What does a 'standard' represent?"", ""question"": ""What does a 'standard' represent?"", ""options"": [""An informal guideline"", ""Agreed way of doing something"", ""A personal choice""], ""correct"": ""Agreed way of doing something"", ""answer_text"": null, ""category"": null, ""source_file"": ""mcqs m7.docx"", ""source_module"": ""M7"", ""fmt"": ""csv"", ""module"": ""M7"", ""syllabusRef"": """", ""level"": """", ""difficulty"": ""EASY"", ""subTopic"": """", ""isEssay"": false}",False
M7,,,Who produces British Standards?,ISO,BSI British Standards,ANSI,,BSI British Standards,EASY,,,,APPROVED,,1,mcqs m7.docx,"{""raw"": ""Who produces British Standards?"", ""question"": ""Who produces British Standards?"", ""options"": [""ISO"", ""BSI British Standards"", ""ANSI""], ""correct"": ""BSI British Standards"", ""answer_text"": null, ""category"": null, ""source_file"": ""mcqs m7.docx"", ""source_module"": ""M7"", ""fmt"": ""csv"", ""module"": ""M7"", ""syllabusRef"": """", ""level"": """", ""difficulty"": ""EASY"", ""subTopic"": """", ""isEssay"": false}",False
M7,M7.07.01,,What does ISO stand for?,International Standards Organisation,International Safety Organization,International Systems Organization,,International Standards Organisation,EASY,,,,APPROVED,,1,mcqs m7.docx,"{""raw"": ""What does ISO stand for?"", ""question"": ""What does ISO stand for?"", ""options"": [""International Standards Organisation"", ""International Safety Organization"", ""International Systems Organization""], ""correct"": ""International Standards Organisation"", ""answer_text"": null, ""category"": null, ""source_file"": ""mcqs m7.docx"", ""source_module"": ""M7"", ""fmt"": ""csv"", ""module"": ""M7"", ""syllabusRef"": ""M7.07.01"", ""level"": """", ""difficulty"": ""EASY"", ""subTopic"": """", ""isEssay"": false}",False
M7,M7.0.5,,What is unique about ISO's structure?,No countries participate,One member per country,Unlimited members,,One member per country,EASY,,,,APPROVED,,1,mcqs m7.docx,"{""raw"": ""What is unique about ISO's structure?"", ""question"": ""What is unique about ISO's structure?"", ""options"": [""No countries participate"", ""One member per country"", ""Unlimited members""], ""correct"": ""One member per country"", ""answer_text"": null, ""category"": null, ""source_file"": ""mcqs m7.docx"", ""source_module"": ""M7"", ""fmt"": ""csv"", ""module"": ""M7"", ""syllabusRef"": ""M7.0.5"", ""level"": """", ""difficulty"": ""EASY"", ""subTopic"": """", ""isEssay"": false}",False
M7,,,Are ISO standards mandatory?,"Yes, always","No, they are voluntary",Only for major corporations,,"No, they are voluntary",EASY,,,,APPROVED,,1,mcqs m7.docx,"{""raw"": ""Are ISO standards mandatory?"", ""question"": ""Are ISO standards mandatory?"", ""options"": [""Yes, always"", ""No, they are voluntary"", ""Only for major corporations""], ""correct"": ""No, they are voluntary"", ""answer_text"": null, ""category"": null, ""source_file"": ""mcqs m7.docx"", ""source_module"": ""M7"", ""fmt"": ""csv"", ""module"": ""M7"", ""syllabusRef"": """", ""level"": """", ""difficulty"": ""EASY"", ""subTopic"": """", ""isEssay"": false}",False
M7,,,"What defines a ""feature"" in dimensions?",A surface color,A physically identifiable part,A general measurement,,A physically identifiable part,EASY,,,,APPROVED,,1,mcqs m7.docx,"{""raw"": ""What defines a \""feature\"" in dimensions?"", ""question"": ""What defines a \""feature\"" in dimensions?"", ""options"": [""A surface color"", ""A physically identifiable part"", ""A general measurement""], ""correct"": ""A physically identifiable part"", ""answer_text"": null, ""category"": null, ""source_file"": ""mcqs m7.docx"", ""source_module"": ""M7"", ""fmt"": ""csv"", ""module"": ""M7"", ""syllabusRef"": """", ""level"": """", ""difficulty"": ""EASY"", ""subTopic"": """", ""isEssay"": false}",False
M7,M7.0.3,,What is a nominal size?,The actual size measured,An approximate dimension for general identification,The smallest measurement,,An approximate dimension for general identification,EASY,,,,APPROVED,,1,mcqs m7.docx,"{""raw"": ""What is a nominal size?"", ""question"": ""What is a nominal size?"", ""options"": [""The actual size measured"", ""An approximate dimension for general identification"", ""The smallest measurement""], ""correct"": ""An approximate dimension for general identification"", ""answer_text"": null, ""category"": null, ""source_file"": ""mcqs m7.docx"", ""source_module"": ""M7"", ""fmt"": ""csv"", ""module"": ""M7"", ""syllabusRef"": ""M7.0.3"", ""level"": """", ""difficulty"": ""EASY"", ""subTopic"": """", ""isEssay"": false}",False
